,Vote
9496,Oranges
2480,Browns
3972,Browns
3608,Turquoises
3512,Blues
9610,Greens
3976,Greys
2522,Browns
6068,Purples
764,Greys
3481,Pinks
6598,Greens
8677,Purples
2032,Browns
7105,Greens
7477,Greys
2823,Purples
6328,Blues
8175,Pinks
2685,Greens
8755,Blues
6109,Turquoises
7423,Blues
2666,Pinks
2222,Reds
3002,Blues
9087,Purples
1126,Greens
6966,Purples
7509,Whites
1581,Purples
4522,Reds
3136,Purples
8040,Purples
8541,Browns
6682,Turquoises
630,Purples
5027,Pinks
1412,Greens
9269,Greens
7895,Browns
1553,Greens
7482,Yellows
1437,Purples
1343,Oranges
8876,Pinks
5693,Pinks
8953,Greens
7606,Greys
5108,Reds
9897,Purples
2922,Whites
3246,Pinks
6216,Greens
2108,Purples
8400,Pinks
9733,Browns
928,Greens
4925,Purples
7682,Pinks
4352,Reds
1146,Yellows
9952,Purples
9823,Greens
1782,Whites
1008,Pinks
4303,Yellows
1095,Reds
7413,Pinks
1372,Purples
8156,Blues
9006,Pinks
2349,Browns
7375,Browns
2981,Reds
9567,Pinks
9399,Blues
3312,Greys
4278,Browns
8736,Yellows
4410,Pinks
4179,Purples
427,Whites
8816,Blues
9416,Turquoises
1807,Purples
6281,Purples
8115,Turquoises
4550,Purples
224,Greys
4609,Greens
8283,Browns
3901,Blues
8800,Purples
2755,Pinks
6578,Browns
1846,Greens
759,Greys
4234,Yellows
3868,Purples
5312,Blues
3663,Purples
8884,Blues
6340,Purples
3798,Browns
8437,Greys
6056,Purples
475,Browns
9146,Browns
7650,Purples
7183,Oranges
1244,Purples
4910,Browns
4727,Yellows
7197,Yellows
8073,Greens
5487,Whites
8860,Turquoises
9851,Yellows
321,Pinks
8996,Browns
9035,Pinks
6283,Browns
8505,Pinks
8772,Purples
9203,Purples
6218,Pinks
5093,Oranges
6118,Reds
9007,Purples
3423,Yellows
6351,Blues
5888,Browns
6694,Reds
6229,Browns
3996,Purples
6956,Yellows
3206,Oranges
8294,Oranges
2948,Blues
2292,Purples
6486,Whites
2486,Browns
1946,Whites
8655,Pinks
8613,Purples
4412,Greys
4804,Greys
8652,Blues
5269,Whites
6463,Browns
4531,Greens
1177,Yellows
3890,Turquoises
7553,Purples
1645,Browns
149,Yellows
5240,Purples
6531,Browns
309,Turquoises
7733,Greys
5773,Purples
1513,Purples
7768,Browns
1518,Blues
9394,Purples
4567,Purples
5905,Purples
365,Purples
6831,Greens
939,Yellows
6798,Browns
3491,Turquoises
3432,Purples
2806,Browns
3918,Browns
9540,Oranges
9430,Oranges
9473,Whites
1303,Purples
9916,Browns
1685,Whites
8069,Yellows
9370,Browns
5762,Purples
4353,Browns
9406,Reds
9586,Purples
4980,Greens
1814,Purples
2354,Blues
3644,Blues
4191,Reds
1148,Purples
2010,Purples
1475,Purples
8215,Purples
350,Whites
1201,Oranges
7766,Blues
1078,Purples
6975,Greens
8911,Purples
3017,Greens
4867,Purples
1609,Browns
3367,Whites
7232,Whites
1166,Browns
7009,Pinks
3261,Purples
6032,Browns
5345,Greys
7280,Purples
2033,Browns
6801,Turquoises
4659,Greys
4345,Greens
5785,Yellows
5282,Reds
5697,Purples
2638,Greens
4385,Pinks
206,Pinks
3791,Purples
4795,Blues
2702,Whites
4284,Purples
1433,Blues
9444,Greens
2218,Browns
4437,Turquoises
4935,Turquoises
279,Turquoises
4451,Blues
1246,Greys
624,Whites
2568,Purples
7767,Purples
7117,Oranges
834,Yellows
9526,Pinks
2802,Oranges
5457,Pinks
6542,Purples
5748,Yellows
4281,Oranges
1838,Purples
2898,Oranges
2016,Reds
8403,Purples
5206,Turquoises
435,Purples
1919,Greens
3768,Purples
4415,Yellows
6113,Yellows
5699,Blues
9321,Purples
3265,Purples
1378,Greens
409,Purples
1750,Yellows
4242,Greens
8891,Browns
4580,Blues
1999,Greys
1374,Purples
7750,Reds
8191,Browns
1080,Greys
9238,Greys
6707,Greens
6135,Browns
4814,Browns
954,Pinks
9445,Purples
520,Greens
2009,Greens
3211,Greens
7192,Turquoises
9387,Blues
8421,Whites
1660,Blues
7266,Reds
1638,Purples
8668,Purples
682,Purples
6570,Blues
231,Greys
7466,Greys
1082,Oranges
9527,Turquoises
2163,Purples
1168,Purples
9348,Greys
4875,Greys
2526,Blues
2285,Browns
5252,Reds
336,Pinks
4183,Pinks
9682,Blues
9251,Greys
5080,Purples
5498,Purples
1715,Oranges
2891,Greens
7092,Whites
7734,Purples
5599,Purples
5351,Purples
5395,Browns
1795,Purples
3214,Browns
3160,Whites
1169,Oranges
8382,Greens
8792,Blues
3078,Blues
2637,Purples
6724,Greys
4976,Browns
3426,Browns
4574,Turquoises
3754,Purples
4230,Browns
9923,Purples
1646,Greens
6755,Blues
4618,Greens
8095,Pinks
6336,Pinks
5562,Oranges
7156,Browns
2673,Blues
5652,Turquoises
9859,Purples
9168,Pinks
6730,Greens
8892,Pinks
838,Blues
5290,Blues
3033,Greens
8711,Browns
4315,Greys
6784,Browns
3314,Purples
9669,Yellows
6603,Oranges
2662,Purples
9856,Reds
3653,Purples
8684,Browns
942,Purples
5863,Oranges
7492,Browns
1013,Browns
976,Purples
3937,Purples
6943,Purples
5796,Purples
1122,Oranges
5764,Purples
5022,Turquoises
7709,Greens
3783,Pinks
479,Whites
1584,Oranges
3807,Purples
6807,Greens
8064,Purples
5167,Pinks
431,Browns
522,Blues
1754,Purples
7991,Purples
637,Purples
3843,Purples
3965,Purples
8957,Greys
9819,Purples
4933,Purples
7824,Pinks
8353,Blues
4805,Browns
7931,Browns
7310,Browns
7869,Pinks
8030,Browns
7380,Purples
5532,Greens
437,Reds
1930,Browns
8329,Purples
5506,Greys
43,Greens
3182,Purples
2058,Pinks
3970,Pinks
6735,Whites
1716,Purples
3133,Blues
7018,Turquoises
1238,Purples
7633,Turquoises
5791,Purples
7301,Reds
647,Browns
606,Oranges
8065,Purples
8271,Yellows
9361,Whites
1476,Purples
5021,Blues
993,Browns
2821,Browns
8234,Purples
1305,Browns
8847,Purples
6437,Blues
3626,Purples
9984,Greys
614,Greens
9849,Whites
5296,Greens
3945,Oranges
8210,Blues
9192,Purples
5143,Purples
1234,Purples
4074,Purples
7612,Yellows
8889,Pinks
8783,Purples
2173,Purples
7173,Blues
9264,Pinks
4466,Browns
5706,Browns
1212,Purples
8067,Pinks
8011,Turquoises
5408,Blues
6576,Purples
793,Reds
4320,Greens
6911,Greys
8945,Purples
5001,Pinks
9839,Whites
921,Browns
9024,Browns
3689,Browns
2039,Reds
5005,Yellows
3427,Greys
7347,Purples
8482,Browns
1413,Pinks
4355,Browns
8179,Reds
1312,Pinks
3032,Whites
9630,Purples
7637,Browns
7726,Greens
5950,Whites
3534,Purples
2874,Oranges
4708,Reds
1603,Turquoises
6446,Pinks
1384,Greys
6066,Oranges
8053,Blues
8595,Purples
5163,Greys
2165,Pinks
7561,Oranges
5578,Purples
6482,Purples
1789,Purples
3692,Browns
9010,Pinks
6703,Browns
8342,Pinks
7367,Purples
8516,Reds
919,Purples
2415,Browns
7164,Yellows
1730,Purples
7227,Purples
9559,Purples
9290,Browns
3039,Purples
7226,Purples
2126,Greens
8752,Greens
3362,Purples
8502,Browns
6508,Purples
9666,Purples
6013,Greens
4495,Browns
2321,Purples
2432,Purples
8580,Purples
2987,Yellows
6244,Purples
2388,Turquoises
9884,Whites
1546,Blues
7522,Browns
6425,Browns
7963,Greens
1549,Pinks
4836,Yellows
2506,Purples
9425,Blues
7582,Pinks
5860,Yellows
4916,Purples
3530,Pinks
2451,Purples
4612,Reds
3760,Browns
4845,Browns
2102,Purples
9148,Blues
4297,Pinks
1465,Greens
975,Purples
501,Oranges
5020,Blues
7645,Blues
4037,Yellows
5441,Browns
565,Browns
7029,Greys
3418,Greens
4334,Purples
3083,Greens
5741,Browns
3833,Purples
8592,Whites
2302,Purples
6084,Yellows
4134,Greens
1220,Purples
843,Turquoises
1576,Purples
1054,Whites
8425,Oranges
8162,Purples
7537,Purples
5920,Pinks
6356,Browns
2389,Blues
292,Blues
5958,Browns
1833,Pinks
9327,Whites
4440,Greens
1626,Purples
9212,Purples
3849,Browns
7664,Greens
8302,Greens
114,Purples
6020,Browns
9861,Pinks
1012,Oranges
8068,Greens
517,Whites
2558,Greys
9126,Pinks
2772,Purples
6713,Pinks
8793,Purples
5103,Purples
760,Greys
1000,Greens
8508,Greens
8872,Blues
2043,Greys
3507,Purples
6267,Purples
9906,Yellows
6838,Pinks
8360,Purples
1491,Greys
7199,Turquoises
7986,Turquoises
7233,Purples
486,Blues
607,Purples
399,Yellows
4231,Browns
4926,Greys
6559,Browns
2776,Greens
8222,Browns
335,Turquoises
6818,Purples
2497,Pinks
90,Blues
4576,Browns
5452,Yellows
1216,Browns
8699,Browns
4256,Browns
1236,Reds
9689,Purples
2272,Browns
6817,Purples
87,Purples
4004,Browns
7090,Purples
7892,Purples
9962,Greys
6097,Purples
3476,Pinks
7881,Purples
6623,Blues
3493,Whites
7318,Browns
2457,Purples
6786,Reds
4197,Browns
7791,Yellows
1824,Yellows
8290,Purples
9487,Pinks
4368,Browns
2199,Browns
2350,Purples
7578,Yellows
7352,Browns
734,Purples
4959,Blues
3237,Browns
4478,Blues
8659,Purples
8337,Greys
4264,Blues
4403,Purples
5460,Greens
2454,Oranges
5186,Purples
4539,Browns
1753,Purples
5612,Purples
4930,Blues
4906,Pinks
7398,Greens
4799,Greys
4924,Browns
2106,Purples
9362,Purples
1040,Purples
5335,Browns
8121,Turquoises
6344,Oranges
5951,Browns
2674,Purples
3960,Purples
8168,Purples
7856,Greens
9812,Purples
5999,Greys
6464,Purples
5910,Reds
5071,Reds
7381,Purples
9436,Purples
8906,Pinks
4611,Purples
6952,Oranges
1464,Turquoises
7467,Greens
1899,Purples
5935,Turquoises
3988,Purples
9742,Purples
8401,Reds
8362,Browns
3470,Oranges
8006,Purples
1363,Browns
2504,Greys
3198,Browns
248,Greys
5013,Blues
8965,Browns
6572,Blues
763,Purples
9767,Greens
8100,Purples
3675,Purples
3484,Browns
719,Blues
5981,Pinks
3719,Purples
124,Turquoises
190,Pinks
5379,Greens
3109,Yellows
4871,Yellows
1728,Whites
134,Turquoises
8383,Browns
5491,Purples
8882,Purples
3680,Purples
8307,Greens
7252,Whites
6204,Whites
3585,Purples
8942,Reds
2357,Pinks
9145,Turquoises
9502,Greys
5471,Browns
9220,Blues
4010,Purples
8802,Purples
6859,Greys
818,Browns
3781,Browns
3185,Purples
1178,Greys
7430,Pinks
7246,Yellows
1966,Blues
983,Oranges
6537,Whites
1299,Greys
6677,Greens
662,Purples
3073,Oranges
1153,Oranges
5468,Pinks
86,Blues
1951,Blues
8913,Greens
4973,Greens
2028,Blues
8631,Browns
621,Browns
3116,Browns
6223,Purples
36,Yellows
3974,Purples
8144,Blues
3283,Purples
7883,Yellows
916,Greys
7008,Greys
3869,Greens
9078,Purples
2052,Purples
1248,Oranges
8552,Blues
8642,Greens
8918,Greens
5978,Greens
2818,Pinks
4789,Pinks
94,Greens
3795,Purples
7270,Reds
7710,Purples
2281,Browns
6610,Browns
9709,Purples
915,Turquoises
658,Greens
6323,Pinks
7147,Pinks
3264,Blues
4009,Greens
3202,Pinks
8304,Browns
8925,Blues
4476,Oranges
5676,Yellows
1455,Blues
7421,Browns
4829,Greens
7813,Pinks
1723,Greens
795,Oranges
7631,Blues
6866,Yellows
1145,Yellows
3301,Yellows
8999,Purples
6406,Greens
1070,Yellows
1379,Purples
548,Purples
1602,Pinks
1698,Turquoises
3071,Purples
9841,Blues
3623,Browns
6885,Browns
3568,Browns
9898,Purples
450,Browns
7480,Purples
6439,Pinks
9303,Purples
8248,Blues
3706,Greens
1617,Greys
2696,Browns
281,Pinks
1673,Purples
6839,Pinks
1528,Greys
677,Greys
7450,Pinks
7690,Blues
5266,Greys
108,Blues
2790,Purples
8901,Blues
7302,Pinks
552,Purples
5849,Purples
3812,Blues
1737,Greys
7359,Purples
412,Turquoises
9336,Greens
7691,Turquoises
6411,Greens
3257,Blues
6538,Purples
8185,Greys
4378,Browns
128,Pinks
1060,Purples
42,Pinks
5519,Browns
7026,Greens
755,Purples
1352,Yellows
6426,Greens
4122,Pinks
8564,Pinks
2549,Pinks
691,Browns
5426,Browns
3331,Greens
4534,Blues
3961,Greens
8669,Pinks
930,Turquoises
4373,Purples
3374,Purples
3172,Yellows
3963,Pinks
6006,Purples
135,Pinks
4977,Browns
6046,Pinks
2110,Pinks
8705,Browns
701,Pinks
6566,Browns
1620,Browns
8888,Blues
8389,Purples
8858,Greens
7888,Turquoises
483,Oranges
7457,Pinks
3968,Purples
9491,Greens
1962,Pinks
6725,Blues
2271,Greens
9152,Pinks
8314,Browns
9589,Purples
5066,Purples
694,Blues
1736,Greys
6822,Browns
2200,Whites
5412,Purples
854,Blues
918,Pinks
2556,Greens
6003,Purples
4240,Browns
580,Turquoises
5728,Oranges
8450,Greens
7812,Turquoises
2187,Browns
8315,Greys
4635,Browns
4258,Purples
6387,Oranges
5560,Greens
1041,Greys
8279,Purples
4801,Browns
2660,Pinks
6332,Purples
3203,Oranges
7278,Oranges
9382,Purples
9234,Browns
7678,Purples
1211,Purples
1386,Purples
2447,Browns
5084,Purples
3274,Purples
7331,Greens
8269,Yellows
4487,Browns
2845,Purples
6614,Whites
5730,Purples
8010,Turquoises
8368,Oranges
5120,Blues
1714,Pinks
8660,Purples
3947,Reds
1835,Blues
4245,Blues
2073,Browns
6141,Browns
5565,Turquoises
4972,Browns
6520,Reds
9942,Browns
2630,Greens
3339,Greys
3191,Blues
2315,Blues
6676,Browns
1787,Blues
7279,Blues
1396,Purples
7714,Browns
5968,Purples
3501,Purples
361,Purples
2427,Greens
9562,Purples
8681,Browns
3513,Purples
9287,Turquoises
1684,Browns
3611,Pinks
7863,Blues
3442,Yellows
239,Browns
8318,Purples
8533,Browns
7901,Browns
6301,Purples
7339,Browns
8309,Purples
1135,Purples
5218,Greys
9412,Turquoises
7400,Yellows
1562,Pinks
7180,Greens
5967,Blues
594,Purples
3913,Turquoises
5708,Greens
5302,Purples
6660,Greens
6492,Greens
6462,Turquoises
5591,Browns
547,Purples
5293,Blues
3401,Oranges
996,Browns
7148,Purples
4444,Purples
1821,Purples
2076,Pinks
2212,Blues
28,Greens
5606,Blues
4387,Greens
8714,Oranges
8127,Browns
9581,Blues
4354,Purples
6264,Greens
1608,Greys
1717,Purples
4766,Whites
6625,Browns
6161,Blues
8165,Purples
4621,Greys
4136,Purples
9976,Whites
892,Reds
6242,Purples
1731,Turquoises
9769,Browns
2104,Oranges
6948,Whites
7115,Blues
1957,Greys
2793,Purples
4594,Greens
8972,Purples
1872,Greens
3459,Greens
6871,Purples
4617,Yellows
4678,Purples
5144,Yellows
7573,Greens
5403,Browns
118,Turquoises
3762,Purples
7592,Purples
3383,Whites
8439,Turquoises
8200,Whites
3067,Turquoises
8131,Purples
5250,Yellows
2903,Purples
7256,Browns
8153,Browns
6385,Purples
9109,Greys
1808,Greys
973,Whites
3816,Pinks
5210,Purples
6757,Pinks
4970,Pinks
5610,Pinks
4837,Browns
6693,Reds
952,Greens
9312,Oranges
3842,Browns
9247,Greens
2356,Turquoises
5135,Oranges
6086,Greens
2107,Purples
906,Turquoises
3478,Greens
4802,Purples
5627,Greens
4753,Purples
9072,Pinks
890,Whites
5207,Browns
3249,Purples
3592,Purples
5758,Pinks
7666,Reds
7704,Purples
932,Browns
1863,Whites
1406,Purples
4899,Pinks
5687,Purples
2873,Purples
6359,Purples
4586,Whites
2057,Pinks
5732,Purples
7293,Blues
1637,Browns
7327,Greens
3132,Blues
6217,Pinks
1774,Purples
8410,Yellows
7783,Turquoises
4165,Blues
1032,Pinks
7973,Browns
6196,Purples
264,Browns
9059,Blues
883,Browns
597,Whites
3104,Turquoises
5341,Blues
3688,Browns
2627,Purples
5284,Blues
7049,Purples
8192,Turquoises
8530,Whites
9384,Browns
7521,Pinks
2518,Purples
4961,Greys
6064,Blues
7478,Turquoises
9871,Greens
5894,Browns
1281,Browns
4217,Reds
9478,Purples
685,Purples
5908,Greens
6521,Reds
3697,Reds
1613,Purples
48,Pinks
6089,Oranges
7193,Browns
4508,Browns
536,Pinks
162,Turquoises
5221,Greens
7187,Reds
8789,Yellows
7670,Browns
8340,Purples
1933,Greens
2359,Oranges
8016,Yellows
1952,Blues
1488,Whites
1061,Purples
121,Purples
1510,Turquoises
6149,Pinks
2971,Greens
655,Browns
5686,Browns
4295,Purples
9228,Purples
1165,Blues
6081,Purples
3064,Purples
4832,Pinks
4842,Purples
5193,Blues
3343,Turquoises
5200,Browns
1490,Oranges
9515,Pinks
153,Browns
1686,Reds
3148,Browns
9869,Yellows
1633,Reds
3641,Browns
5271,Browns
5052,Browns
8223,Yellows
1520,Purples
8137,Purples
391,Whites
5394,Greens
3075,Yellows
1983,Reds
8098,Purples
4995,Browns
1298,Purples
6931,Pinks
3210,Greys
8549,Oranges
7069,Greens
7679,Greys
6496,Yellows
3613,Purples
1744,Greys
2050,Purples
790,Greens
7043,Blues
2552,Browns
3770,Reds
3808,Blues
2487,Browns
1905,Whites
3728,Purples
6475,Greens
4438,Browns
4332,Purples
8676,Browns
2588,Whites
4748,Pinks
8558,Purples
4381,Greens
1470,Greens
2374,Pinks
392,Blues
1308,Purples
6837,Blues
6827,Blues
1596,Purples
8586,Purples
6393,Browns
9762,Turquoises
4762,Browns
7695,Purples
5583,Oranges
4008,Reds
2250,Pinks
6905,Greens
3601,Blues
2842,Whites
9474,Purples
1105,Yellows
3982,Purples
8387,Greens
3389,Whites
6840,Purples
4077,Greys
8718,Blues
3610,Browns
2924,Greens
9539,Greys
9307,Yellows
3247,Oranges
9588,Browns
4625,Yellows
7746,Purples
5137,Purples
1017,Purples
3705,Yellows
5119,Browns
7012,Purples
9510,Purples
3058,Purples
9169,Blues
6232,Oranges
2655,Browns
8784,Browns
3293,Browns
2528,Browns
4809,Oranges
5953,Blues
7240,Purples
3204,Purples
7758,Reds
5942,Blues
7545,Yellows
6819,Purples
826,Yellows
6177,Purples
1823,Blues
8924,Greens
187,Purples
432,Browns
2642,Purples
3657,Blues
7119,Pinks
8701,Greens
4213,Browns
813,Purples
237,Reds
7559,Blues
5531,Purples
7983,Blues
3668,Turquoises
6357,Purples
5678,Yellows
5636,Pinks
8571,Yellows
9391,Purples
5976,Purples
3778,Browns
6434,Purples
4713,Pinks
1524,Browns
6758,Greens
507,Pinks
1931,Turquoises
6293,Whites
4039,Greys
8646,Purples
6119,Purples
8694,Browns
2852,Turquoises
7539,Oranges
4211,Blues
9070,Browns
129,Blues
5930,Purples
6155,Purples
5263,Browns
3995,Purples
9877,Purples
4329,Greens
8933,Purples
1777,Purples
1336,Purples
7693,Blues
2213,Greens
1778,Turquoises
8519,Whites
1500,Purples
6993,Blues
2024,Pinks
3898,Greens
327,Pinks
3820,Purples
4721,Purples
8737,Browns
7941,Pinks
6041,Reds
7247,Browns
5838,Browns
3193,Browns
185,Greys
1693,Purples
1451,Purples
8900,Purples
4828,Greys
5855,Browns
3394,Purples
4779,Yellows
8103,Greens
6849,Pinks
1295,Purples
4653,Greens
381,Pinks
4681,Browns
8333,Browns
5623,Browns
3095,Blues
3118,Greens
1259,Browns
9794,Purples
3749,Turquoises
4758,Pinks
7809,Yellows
5782,Pinks
566,Purples
6115,Greens
534,Purples
1411,Purples
358,Yellows
9174,Purples
6582,Turquoises
1356,Blues
9595,Purples
2838,Blues
2098,Blues
3607,Purples
4333,Purples
5603,Browns
1136,Browns
4244,Oranges
1046,Pinks
8806,Purples
3886,Greens
4511,Browns
7047,Purples
5077,Browns
6051,Yellows
9547,Purples
5202,Purples
1370,Yellows
7810,Browns
4897,Oranges
5980,Oranges
9713,Purples
3417,Oranges
9196,Blues
5645,Blues
3606,Purples
4983,Purples
2809,Blues
5675,Browns
3773,Purples
9969,Browns
6260,Greens
1611,Purples
4937,Purples
7609,Pinks
4029,Pinks
8855,Blues
9108,Purples
6665,Pinks
6656,Greens
7165,Blues
2270,Browns
9281,Browns
3222,Blues
5672,Purples
4601,Pinks
4228,Browns
3000,Browns
4643,Browns
4532,Browns
5923,Browns
5445,Greys
9421,Blues
5540,Browns
2370,Purples
8097,Greens
6778,Purples
6971,Yellows
5493,Purples
4137,Purples
3955,Purples
3726,Purples
2933,Blues
6098,Purples
8657,Oranges
8749,Reds
1970,Browns
7959,Browns
7760,Oranges
6343,Greys
5339,Greens
5611,Purples
1344,Blues
11,Yellows
2967,Browns
716,Purples
9931,Greens
6326,Purples
9048,Purples
420,Purples
1006,Browns
2848,Browns
4934,Whites
8027,Turquoises
6887,Browns
3134,Purples
4710,Turquoises
6519,Yellows
2665,Pinks
3659,Purples
1885,Greys
7388,Purples
493,Browns
9974,Purples
3217,Oranges
3748,Oranges
2468,Blues
3163,Greens
5446,Greys
8937,Oranges
2599,Whites
4119,Purples
1507,Greens
831,Pinks
3586,Pinks
9479,Pinks
7020,Turquoises
4472,Greys
4894,Turquoises
2417,Blues
7360,Browns
6311,Blues
4566,Yellows
1125,Browns
1766,Browns
5902,Yellows
6744,Blues
2868,Reds
9576,Yellows
5514,Reds
5700,Purples
3051,Greens
7662,Purples
9018,Greens
6394,Purples
7982,Oranges
4947,Yellows
8805,Browns
9258,Purples
1149,Browns
5559,Yellows
2347,Browns
9568,Purples
2988,Blues
9571,Browns
981,Reds
132,Greens
5139,Blues
4547,Oranges
3576,Greens
4996,Pinks
2443,Browns
8075,Oranges
3425,Blues
8406,Blues
7761,Browns
4777,Browns
7910,Yellows
7342,Reds
7485,Purples
7993,Yellows
6002,Browns
419,Yellows
6727,Turquoises
8441,Whites
9695,Yellows
997,Purples
3120,Browns
4687,Blues
617,Blues
2895,Pinks
2534,Browns
7922,Oranges
37,Browns
1262,Purples
7079,Purples
3541,Yellows
7603,Browns
5075,Blues
172,Reds
6138,Browns
8453,Greys
6863,Purples
7021,Yellows
5679,Browns
1655,Greys
5579,Browns
3245,Greys
2223,Blues
1894,Purples
5171,Reds
7534,Greens
7508,Greys
4266,Browns
8007,Purples
1798,Greys
8397,Pinks
9315,Purples
2003,Greens
5168,Purples
3259,Pinks
542,Oranges
3444,Reds
4261,Blues
5616,Purples
7356,Blues
1355,Turquoises
2477,Blues
9494,Blues
9772,Blues
7850,Greys
8032,Purples
1024,Purples
8734,Greens
8108,Purples
6860,Browns
331,Reds
4552,Oranges
1644,Browns
7123,Pinks
6312,Blues
604,Blues
275,Purples
8316,Browns
770,Browns
9780,Purples
8679,Pinks
4449,Purples
7890,Purples
1399,Purples
6796,Greens
5722,Purples
5486,Greens
6353,Yellows
860,Browns
7946,Purples
8370,Pinks
9538,Greens
4884,Purples
6117,Browns
4340,Purples
8814,Browns
1502,Browns
4098,Purples
2996,Browns
2174,Greens
9787,Greens
3912,Browns
599,Oranges
380,Yellows
9738,Yellows
6449,Yellows
707,Greens
3745,Reds
2430,Pinks
459,Browns
7786,Pinks
3464,Browns
640,Pinks
2573,Browns
7825,Pinks
7796,Greens
401,Greens
5520,Purples
4075,Yellows
9765,Reds
7243,Browns
8334,Purples
5327,Purples
4350,Purples
7185,Blues
9888,Purples
994,Yellows
2331,Purples
999,Pinks
5121,Pinks
3131,Yellows
4700,Browns
8527,Greens
7431,Pinks
1543,Greys
3294,Browns
7929,Pinks
9725,Reds
2636,Purples
5763,Blues
1843,Oranges
7665,Oranges
849,Purples
196,Turquoises
3907,Greens
7833,Reds
6824,Whites
8356,Browns
7075,Browns
1940,Greens
7396,Blues
274,Turquoises
5054,Oranges
6672,Greens
322,Browns
8532,Greens
9693,Purples
6843,Purples
2601,Blues
4280,Pinks
8498,Browns
1440,Blues
9779,Blues
3591,Browns
9053,Pinks
2085,Greens
8521,Purples
3944,Reds
8379,Oranges
2242,Browns
4394,Browns
356,Purples
8939,Purples
1350,Browns
773,Greys
9939,Reds
2441,Pinks
4307,Purples
3533,Oranges
4429,Browns
8024,Greys
5242,Browns
1086,Greys
5234,Reds
5938,Yellows
9407,Purples
3985,Browns
1351,Purples
7435,Greens
9582,Oranges
897,Purples
8627,Purples
5814,Reds
6771,Greens
6667,Greys
4435,Blues
4486,Blues
4909,Blues
8843,Pinks
7030,Turquoises
945,Whites
9296,Pinks
561,Pinks
7736,Browns
8238,Blues
4361,Reds
1785,Pinks
3800,Yellows
3588,Pinks
2965,Browns
2846,Pinks
4514,Purples
4770,Browns
4578,Purples
1615,Yellows
995,Whites
9763,Yellows
3069,Browns
4672,Purples
571,Purples
5105,Browns
311,Yellows
9097,Blues
9178,Yellows
5889,Yellows
851,Purples
4929,Purples
6414,Greys
5853,Greens
8433,Purples
6821,Greens
6726,Yellows
6766,Browns
8644,Turquoises
8686,Yellows
7876,Browns
5601,Browns
3865,Purples
5356,Purples
369,Oranges
8881,Greys
1245,Greens
5969,Yellows
5154,Greys
7898,Greys
3421,Blues
1021,Purples
2420,Purples
8733,Greens
5222,Blues
6103,Purples
4570,Yellows
2999,Pinks
4851,Blues
8781,Yellows
6246,Blues
4764,Blues
6125,Greys
8252,Oranges
5315,Greens
9847,Purples
4992,Purples
2090,Browns
6619,Turquoises
6606,Reds
3270,Yellows
7376,Purples
3908,Blues
9862,Purples
4078,Blues
9276,Oranges
7316,Blues
2919,Yellows
1632,Pinks
2688,Browns
4847,Greys
4087,Whites
7297,Greens
5566,Reds
7669,Purples
901,Purples
1128,Purples
9107,Oranges
2093,Greys
7577,Browns
5182,Purples
8158,Purples
5131,Browns
5155,Oranges
2836,Blues
1573,Blues
2612,Yellows
2902,Blues
1924,Blues
6608,Browns
2721,Greys
8430,Greens
5146,Greys
6856,Pinks
553,Browns
7350,Browns
6602,Yellows
3906,Greens
2086,Greys
5149,Browns
4417,Oranges
251,Purples
9073,Greens
6638,Pinks
6898,Greys
673,Browns
6040,Purples
8163,Pinks
7731,Yellows
4331,Purples
3498,Purples
8052,Browns
8474,Purples
4690,Blues
9560,Greens
8426,Purples
3884,Purples
6173,Purples
3215,Blues
7689,Purples
6404,Yellows
9349,Browns
8371,Greens
1479,Purples
835,Reds
7057,Yellows
5032,Yellows
6022,Whites
1076,Greens
6886,Browns
920,Pinks
4425,Purples
3948,Browns
9344,Pinks
6942,Purples
2254,Pinks
4404,Browns
5501,Purples
5277,Browns
457,Blues
434,Whites
9118,Greys
7765,Browns
9086,Turquoises
7593,Purples
2684,Browns
8744,Greys
2472,Greens
3297,Pinks
7442,Purples
3269,Greys
8195,Pinks
5666,Yellows
2554,Whites
7149,Browns
6653,Pinks
4114,Purples
3011,Oranges
7319,Purples
3734,Browns
8808,Pinks
6514,Purples
7533,Purples
1151,Purples
65,Turquoises
6050,Turquoises
6800,Purples
76,Blues
3851,Browns
4654,Pinks
6071,Whites
8787,Greens
5405,Greens
5657,Pinks
3049,Purples
2997,Turquoises
4535,Whites
754,Greens
1478,Pinks
45,Purples
3042,Browns
6355,Pinks
771,Purples
5815,Oranges
8944,Greens
4005,Purples
537,Pinks
7357,Greens
9837,Purples
2859,Purples
3828,Turquoises
3157,Purples
2452,Browns
7,Purples
5680,Purples
3725,Greys
4824,Purples
3565,Purples
4749,Whites
1616,Reds
9949,Purples
9821,Purples
5336,Greys
9206,Greys
2741,Greens
7220,Greens
7053,Purples
1980,Purples
1237,Purples
2406,Blues
7007,Turquoises
9271,Purples
690,Yellows
3735,Purples
3303,Reds
5864,Browns
347,Purples
4089,Purples
2112,Pinks
6761,Purples
8958,Purples
2312,Greys
6317,Browns
383,Pinks
608,Blues
5104,Blues
3168,Yellows
3195,Browns
3652,Pinks
5371,Browns
1805,Blues
7176,Purples
5409,Browns
1628,Blues
8614,Blues
6379,Pinks
3538,Browns
7263,Purples
1640,Purples
4613,Blues
2618,Greens
5178,Oranges
6199,Greens
7249,Purples
5836,Purples
8569,Greys
6702,Purples
2664,Greys
7046,Browns
857,Greens
3480,Greens
7647,Purples
1001,Browns
170,Oranges
2550,Purples
671,Pinks
3904,Purples
3311,Blues
4003,Browns
1582,Purples
5913,Purples
6748,Pinks
3345,Whites
3502,Purples
3086,Turquoises
3128,Purples
404,Blues
3580,Browns
6172,Greens
89,Purples
2621,Browns
1696,Purples
7023,Purples
7443,Greys
9057,Pinks
5017,Yellows
4771,Purples
3317,Greens
656,Purples
9963,Greys
2932,Blues
3928,Oranges
3489,Browns
4065,Greens
4718,Blues
4831,Blues
3347,Reds
2434,Blues
49,Oranges
247,Greens
7899,Greens
4564,Blues
2713,Browns
8848,Purples
1093,Pinks
4423,Turquoises
6992,Oranges
9852,Turquoises
7654,Greys
7167,Greys
6661,Blues
2453,Reds
7893,Purples
1195,Oranges
5795,Turquoises
4677,Greens
2804,Purples
6690,Purples
8031,Pinks
912,Browns
209,Blues
1487,Oranges
955,Blues
4637,Blues
1526,Greys
6181,Purples
1290,Pinks
3732,Blues
2794,Blues
529,Greys
202,Purples
73,Oranges
1540,Blues
1516,Blues
8653,Browns
625,Greens
8556,Browns
167,Browns
3651,Purples
4967,Greens
8753,Greys
9508,Browns
3802,Pinks
9549,Purples
382,Browns
9625,Greens
6963,Purples
7098,Greens
6904,Greens
3012,Blues
4382,Whites
8877,Blues
3804,Blues
5794,Pinks
6548,Blues
6902,Greys
8130,Pinks
9083,Pinks
739,Purples
8810,Greys
6631,Browns
3322,Pinks
4448,Purples
3517,Turquoises
4351,Blues
2954,Yellows
3620,Blues
4085,Purples
8995,Yellows
6561,Purples
8638,Browns
3280,Purples
418,Greens
4793,Greens
808,Greens
480,Greens
2094,Browns
2330,Browns
3411,Purples
5897,Browns
2293,Greens
4248,Blues
7878,Browns
4482,Purples
5716,Pinks
2585,Browns
7966,Greens
2403,Yellows
8606,Browns
3348,Greens
3713,Blues
9463,Purples
7821,Purples
6453,Greens
82,Browns
2059,Yellows
8582,Whites
9924,Purples
7832,Greys
737,Browns
8534,Greys
2109,Purples
3850,Purples
3629,Greens
8727,Greys
7502,Purples
5434,Browns
1530,Pinks
6060,Browns
9043,Purples
4456,Purples
3674,Purples
1457,Browns
6710,Purples
9204,Oranges
5875,Pinks
4454,Oranges
4007,Blues
9809,Greys
8746,Oranges
4982,Blues
7215,Purples
5835,Greens
3619,Purples
5907,Oranges
3803,Purples
8311,Greens
5753,Blues
8142,Browns
5015,Reds
9188,Greens
8190,Blues
2282,Purples
3234,Reds
5947,Browns
2503,Browns
3717,Browns
786,Yellows
6024,Reds
9227,Purples
8928,Greens
9208,Blues
8504,Purples
8706,Pinks
7217,Yellows
3020,Browns
2540,Browns
4685,Greys
2202,Pinks
7170,Browns
2290,Greens
8118,Whites
9263,Browns
3097,Purples
666,Blues
1711,Browns
8622,Browns
326,Oranges
8043,Browns
2843,Greens
5006,Purples
1264,Reds
7291,Purples
6275,Purples
936,Purples
6338,Purples
9427,Yellows
5112,Purples
8624,Pinks
4717,Pinks
9803,Blues
6417,Purples
3964,Greens
5568,Blues
6380,Purples
4607,Blues
8253,Greys
4725,Browns
6442,Browns
107,Greens
210,Browns
456,Blues
6794,Greens
4002,Oranges
1987,Yellows
2408,Purples
4628,Greens
1334,Purples
221,Browns
9483,Purples
2310,Greens
6878,Purples
8728,Browns
7050,Purples
7787,Purples
7792,Purples
1735,Oranges
3250,Purples
6197,Pinks
2365,Browns
2129,Pinks
3737,Blues
8229,Yellows
3385,Pinks
9446,Greens
3482,Browns
6069,Oranges
398,Greys
9016,Purples
8822,Greens
9865,Turquoises
386,Pinks
5436,Purples
1583,Blues
7163,Browns
9895,Purples
6418,Pinks
9605,Browns
8221,Greys
7284,Reds
1313,Blues
6897,Pinks
3176,Browns
7995,Blues
109,Browns
1094,Blues
1250,Purples
7940,Purples
5979,Oranges
8063,Browns
4184,Browns
3889,Browns
3233,Greens
3969,Blues
8149,Purples
7800,Blues
6390,Blues
7644,Turquoises
8486,Greens
8573,Yellows
6852,Reds
3958,Browns
6477,Purples
5088,Blues
8894,Browns
6523,Oranges
7239,Oranges
8920,Purples
532,Browns
3103,Greens
6654,Purples
5376,Turquoises
9757,Greens
8542,Browns
1897,Whites
8465,Oranges
5505,Browns
4703,Greens
9711,Greys
103,Blues
1171,Purples
1605,Browns
7405,Greens
8673,Greens
3514,Oranges
9662,Browns
8254,Purples
2777,Greens
9423,Yellows
5890,Greens
2564,Pinks
1514,Whites
9390,Whites
3200,Greens
3338,Purples
9279,Blues
5225,Blues
4360,Greens
5300,Purples
6563,Pinks
3682,Whites
4911,Pinks
3468,Browns
3178,Purples
9609,Purples
8346,Oranges
7873,Yellows
2382,Purples
4402,Greens
5018,Purples
5364,Greens
2425,Greens
8413,Purples
5983,Purples
9940,Purples
4391,Pinks
181,Browns
4470,Browns
223,Purples
6407,Purples
1580,Pinks
3520,Oranges
6014,Browns
1762,Turquoises
8008,Turquoises
7028,Purples
4632,Turquoises
2182,Browns
5189,Pinks
2439,Browns
1296,Purples
1949,Pinks
5388,Browns
8654,Greys
7120,Browns
6935,Yellows
8696,Greens
4826,Purples
670,Oranges
3766,Purples
8213,Browns
5887,Pinks
523,Greys
9197,Greys
7510,Oranges
179,Yellows
319,Blues
6937,Blues
7489,Blues
1306,Purples
5712,Purples
3093,Reds
165,Purples
258,Pinks
1042,Greens
9012,Purples
3369,Oranges
8980,Oranges
2299,Purples
7718,Purples
7449,Purples
3711,Browns
9731,Greens
9130,Purples
4885,Blues
9300,Purples
71,Pinks
2593,Purples
2005,Purples
7345,Oranges
472,Yellows
147,Greys
632,Purples
6266,Purples
7889,Pinks
2591,Purples
2844,Purples
4484,Whites
2474,Blues
6012,Greens
8803,Blues
8155,Greens
5239,Turquoises
6209,Oranges
8916,Blues
4651,Browns
9830,Browns
7038,Blues
7955,Reds
2544,Pinks
6104,Greens
3600,Greens
7581,Purples
345,Greys
5402,Browns
2915,Purples
5543,Blues
425,Blues
4938,Yellows
3829,Browns
232,Greys
5283,Whites
9032,Browns
8632,Browns
325,Blues
2034,Pinks
1131,Greys
5961,Turquoises
2785,Browns
4414,Purples
8255,Purples
8246,Reds
8367,Reds
6019,Browns
5217,Oranges
6982,Greens
2639,Browns
1625,Purples
9881,Purples
4268,Purples
6569,Purples
3487,Purples
5941,Browns
8576,Pinks
8260,Browns
3151,Browns
6644,Purples
8511,Browns
1452,Reds
7385,Blues
1395,Blues
7238,Purples
5573,Browns
3053,Yellows
3,Blues
6732,Greens
4496,Purples
9741,Blues
3023,Blues
9316,Greys
5775,Blues
9933,Greens
4000,Yellows
1192,Greys
4237,Purples
703,Blues
4405,Pinks
7936,Turquoises
3550,Purples
2651,Blues
1991,Greens
2801,Greens
8914,Greens
7998,Pinks
5774,Pinks
3701,Yellows
1597,Pinks
3562,Oranges
5870,Purples
4714,Greens
3335,Greens
9599,Browns
3366,Turquoises
1393,Oranges
1659,Purples
2246,Browns
8157,Browns
9122,Pinks
8671,Browns
968,Browns
7918,Purples
8396,Purples
3079,Purples
6518,Purples
6908,Browns
5420,Browns
2580,Turquoises
2762,Greens
4931,Purples
4859,Blues
6185,Blues
2156,Pinks
6783,Greys
3861,Purples
9239,Purples
2847,Pinks
3446,Blues
7181,Oranges
1902,Yellows
7076,Greens
6231,Whites
2207,Greys
2896,Turquoises
8287,Greens
7620,Blues
243,Greens
5656,Oranges
1333,Purples
5593,Browns
1967,Pinks
9310,Oranges
6641,Pinks
9659,Purples
7614,Purples
7275,Purples
508,Greens
2584,Purples
7308,Greens
3977,Browns
6421,Yellows
7201,Yellows
6388,Blues
4135,Purples
1911,Browns
4763,Purples
6286,Greens
5511,Greys
8689,Reds
2970,Blues
5659,Purples
6959,Browns
9342,Purples
4088,Blues
2006,Purples
3436,Browns
7668,Browns
9879,Browns
3910,Purples
8514,Blues
3966,Blues
4883,Browns
7756,Purples
3325,Browns
8308,Oranges
9114,Purples
1154,Blues
6270,Purples
5367,Purples
3505,Purples
1934,Greys
3319,Browns
9280,Blues
8146,Greys
2507,Browns
7907,Yellows
1422,Browns
7059,Greys
2465,Greys
9629,Browns
4092,Pinks
8932,Pinks
4870,Greens
5197,Greys
9162,Purples
7040,Yellows
3333,Purples
2258,Turquoises
5619,Purples
9270,Greys
6769,Greys
7060,Purples
7599,Blues
2395,Purples
914,Turquoises
1380,Purples
7807,Oranges
511,Blues
697,Turquoises
7524,Greens
5316,Purples
5377,Blues
1653,Browns
4682,Pinks
573,Greens
7818,Greens
6777,Purples
7257,Purples
5927,Purples
8690,Purples
2378,Yellows
868,Greys
8678,Purples
6622,Browns
3632,Greys
6342,Pinks
1229,Purples
5279,Browns
1388,Blues
3143,Purples
1180,Browns
9838,Purples
7585,Oranges
4575,Browns
3683,Turquoises
2512,Purples
2700,Pinks
847,Pinks
9832,Purples
219,Purples
6146,Browns
7819,Greens
5673,Whites
4358,Blues
710,Pinks
1160,Blues
5605,Purples
6733,Oranges
6501,Purples
9810,Pinks
222,Turquoises
7451,Whites
2697,Greens
1912,Blues
4666,Browns
855,Browns
1865,Browns
8386,Greens
9522,Purples
2072,Greys
1854,Oranges
8992,Browns
4161,Yellows
3953,Pinks
3764,Greys
3862,Greys
1132,Browns
2652,Pinks
8440,Whites
3518,Purples
7368,Purples
241,Blues
2892,Purples
9934,Oranges
943,Whites
6180,Browns
6663,Purples
7448,Greens
9785,Pinks
9475,Blues
9302,Purples
4598,Whites
650,Purples
6687,Blues
6237,Oranges
8275,Greens
2716,Reds
406,Oranges
1947,Greens
616,Blues
8837,Purples
8763,Turquoises
4527,Purples
3302,Browns
2314,Purples
3298,Pinks
3212,Purples
1280,Yellows
8545,Browns
3365,Blues
7536,Greens
1367,Greys
5398,Reds
1784,Purples
5858,Yellows
1614,Blues
5326,Purples
3860,Greys
5522,Greens
3743,Oranges
5896,Browns
7651,Blues
5292,Browns
4082,Greens
6512,Blues
7554,Pinks
6955,Purples
4071,Greens
225,Pinks
4030,Pinks
5274,Blues
963,Yellows
7006,Pinks
1791,Purples
7879,Purples
9564,Greens
8538,Purples
1489,Reds
5329,Greens
6851,Browns
4123,Greens
2142,Oranges
4528,Yellows
4888,Purples
8096,Browns
4481,Turquoises
7223,Greens
4711,Purples
970,Browns
7684,Purples
3448,Greens
1347,Purples
6427,Yellows
9620,Greens
9301,Greens
4079,Greens
2695,Greys
7837,Browns
7066,Greens
9980,Pinks
7886,Purples
2514,Blues
9066,Purples
6095,Greens
3373,Greens
7921,Purples
5352,Purples
8183,Oranges
6529,Greens
7784,Greens
8938,Yellows
3483,Browns
8102,Purples
8273,Oranges
8212,Greens
5323,Browns
9811,Purples
6900,Oranges
31,Yellows
6389,Purples
5604,Purples
8174,Browns
7052,Greens
5788,Purples
3119,Purples
516,Yellows
1876,Browns
5389,Whites
4707,Pinks
8553,Greys
9469,Purples
9672,Pinks
8615,Browns
1182,Pinks
8458,Purples
5800,Greys
7799,Greens
7752,Purples
2668,Purples
4235,Browns
2855,Yellows
9566,Yellows
6584,Pinks
8339,Browns
4132,Greens
5761,Browns
4300,Purples
143,Browns
1206,Blues
4790,Pinks
7213,Reds
6268,Browns
5381,Greys
578,Pinks
7798,Pinks
5667,Blues
4667,Purples
261,Oranges
9248,Browns
238,Greens
6150,Pinks
3700,Blues
4034,Pinks
1392,Pinks
6547,Pinks
4540,Purples
1038,Purples
3062,Oranges
3041,Greys
9685,Browns
7358,Purples
5400,Greys
9699,Purples
3380,Blues
9936,Purples
2298,Greens
8970,Whites
2373,Purples
8003,Pinks
8683,Browns
7928,Blues
478,Blues
5181,Yellows
6473,Yellows
3029,Purples
856,Purples
4642,Whites
4640,Purples
717,Browns
2450,Yellows
1676,Pinks
4347,Purples
484,Pinks
7152,Pinks
2813,Purples
4734,Browns
1508,Purples
1010,Purples
5346,Blues
2754,Yellows
7313,Browns
5320,Oranges
784,Oranges
1270,Purples
2226,Purples
2883,Purples
6279,Browns
6280,Purples
8864,Pinks
7705,Browns
5110,Purples
370,Reds
5199,Greens
6456,Purples
8640,Blues
7134,Whites
4111,Browns
1304,Greys
5192,Pinks
9029,Blues
9634,Yellows
4344,Blues
9675,Browns
6954,Browns
5585,Greens
9480,Turquoises
1619,Oranges
334,Browns
603,Yellows
727,Purples
1794,Purples
8866,Greys
8358,Blues
1618,Browns
7161,Turquoises
2360,Pinks
1354,Greys
888,Pinks
5330,Purples
2957,Blues
4369,Greys
9253,Greys
946,Browns
7673,Whites
688,Greens
79,Browns
1284,Reds
6190,Purples
2759,Purples
3027,Greys
525,Turquoises
4664,Purples
4520,Turquoises
2061,Greys
8036,Whites
675,Browns
5972,Yellows
2910,Oranges
1410,Purples
4428,Blues
8198,Greys
7903,Purples
5665,Browns
492,Purples
8680,Browns
8651,Browns
9702,Browns
3519,Purples
6756,Purples
9613,Whites
5829,Greys
6657,Browns
1049,Browns
5373,Purples
9919,Browns
454,Purples
8934,Oranges
4553,Oranges
2952,Purples
1287,Blues
6160,Greens
3080,Blues
2492,Pinks
7657,Blues
3631,Blues
1273,Blues
5766,Yellows
735,Greens
1648,Purples
9428,Browns
1695,Browns
3284,Greens
797,Browns
366,Turquoises
9512,Oranges
5984,Greens
6949,Greens
359,Blues
5787,Purples
7408,Browns
9063,Greens
1887,Browns
3038,Yellows
5288,Greys
2908,Pinks
4045,Whites
5063,Reds
7154,Purples
5718,Blues
612,Oranges
2562,Purples
9681,Turquoises
991,Purples
7740,Greys
5751,Purples
4978,Browns
2949,Purples
2069,Whites
8828,Purples
1538,Whites
5213,Browns
7855,Purples
6294,Blues
343,Greys
1895,Greens
876,Purples
6157,Yellows
4012,Browns
81,Blues
2259,Greys
775,Yellows
6329,Pinks
4889,Browns
4251,Browns
4624,Oranges
7144,Purples
5646,Purples
4596,Browns
2092,Purples
9457,Purples
1421,Greens
2177,Turquoises
7317,Turquoises
6775,Greens
5068,Purples
589,Greys
7519,Yellows
3299,Yellows
3761,Reds
5755,Greens
9289,Purples
2471,Greys
307,Purples
6516,Purples
9306,Pinks
8319,Purples
6806,Purples
2592,Purples
4922,Pinks
1265,Purples
7091,Purples
839,Purples
1977,Greys
7483,Purples
815,Yellows
1330,Turquoises
1199,Turquoises
8167,Browns
1429,Browns
7401,Browns
4752,Whites
873,Pinks
8236,Pinks
3084,Blues
9324,Purples
570,Purples
5643,Yellows
2158,Reds
1654,Purples
5245,Browns
4767,Purples
4661,Blues
3050,Browns
131,Pinks
8125,Browns
3997,Browns
372,Greys
7975,Browns
8670,Pinks
2739,Purples
6736,Blues
3329,Greens
2703,Browns
4942,Purples
2517,Turquoises
5524,Greys
3224,Blues
8890,Purples
9517,Pinks
8626,Blues
5868,Oranges
3989,Blues
1668,Blues
3428,Blues
2597,Yellows
8494,Greys
5129,Purples
8936,Yellows
6303,Purples
6612,Browns
3111,Blues
9607,Greens
7409,Yellows
9142,Purples
5147,Browns
1671,Browns
1382,Turquoises
765,Greens
4377,Greens
4638,Greens
6697,Browns
6502,Pinks
8854,Greens
2135,Purples
9141,Purples
5267,Purples
8047,Greens
3352,Purples
2980,Browns
9422,Oranges
1241,Browns
8691,Oranges
9860,Pinks
563,Browns
1898,Oranges
7228,Pinks
7299,Oranges
9542,Greens
7520,Oranges
4949,Browns
8537,Pinks
4411,Purples
819,Browns
8801,Blues
378,Greens
272,Blues
9042,Blues
2557,Browns
8470,Browns
7473,Browns
7177,Pinks
1657,Purples
8348,Purples
3140,Purples
5399,Pinks
1837,Greys
3655,Browns
2831,Purples
4178,Browns
69,Purples
5637,Purples
1779,Pinks
1056,Whites
7951,Purples
2972,Greys
4436,Purples
8608,Pinks
1623,Blues
7229,Reds
6265,Browns
9807,Greys
8429,Pinks
1253,Blues
1682,Purples
9051,Blues
2757,Greens
436,Greens
4053,Greys
5871,Greens
1551,Whites
4954,Purples
8510,Blues
7742,Browns
1847,Turquoises
9899,Purples
8522,Greys
6728,Yellows
5925,Browns
6151,Blues
5931,Reds
3787,Blues
2578,Yellows
2157,Pinks
4125,Browns
2169,Pinks
4968,Purples
9674,Browns
2209,Yellows
6335,Pinks
8539,Yellows
5955,Browns
564,Yellows
3371,Reds
744,Blues
2376,Pinks
3453,Purples
1590,Oranges
5085,Purples
3522,Turquoises
7472,Greens
5957,Purples
1642,Purples
9805,Yellows
8524,Browns
7920,Purples
4556,Turquoises
4227,Whites
1709,Browns
4794,Turquoises
5586,Greens
3262,Purples
5164,Greys
610,Browns
559,Purples
3857,Blues
7717,Greens
1656,Blues
3643,Greys
8061,Purples
4830,Yellows
7496,Purples
9979,Purples
3815,Whites
2015,Purples
7990,Browns
1345,Purples
1856,Purples
6444,Whites
324,Greens
1563,Purples
894,Oranges
1587,Turquoises
6870,Browns
2561,Blues
2613,Greens
866,Reds
3341,Yellows
9467,Oranges
1639,Purples
2680,Pinks
8230,Greys
6174,Blues
762,Browns
1271,Whites
2603,Browns
4081,Blues
8845,Greys
8908,Turquoises
133,Greens
5735,Whites
1331,Purples
9486,Purples
4321,Greys
6128,Pinks
6628,Blues
2448,Pinks
9167,Greens
7569,Turquoises
596,Blues
964,Greens
6333,Oranges
7004,Whites
3664,Pinks
5919,Oranges
6715,Purples
6718,Purples
5148,Purples
2978,Greens
208,Pinks
5992,Yellows
1004,Yellows
9464,Browns
7155,Purples
8014,Reds
8270,Browns
5834,Blues
531,Turquoises
3082,Purples
8839,Browns
8791,Pinks
3852,Blues
6410,Oranges
4204,Oranges
1641,Browns
1725,Purples
6450,Purples
7944,Blues
9175,Oranges
68,Blues
9827,Oranges
4807,Purples
8497,Whites
911,Browns
3786,Reds
1101,Reds
4302,Purples
6552,Browns
5086,Purples
5410,Greens
8445,Browns
7336,Browns
5232,Pinks
2122,Purples
1704,Pinks
5592,Purples
9835,Greys
8912,Blues
2249,Purples
5658,Purples
5429,Turquoises
715,Browns
2239,Purples
5784,Browns
674,Blues
5060,Purples
8687,Browns
2715,Purples
5629,Oranges
3277,Greens
3523,Greys
1469,Oranges
217,Browns
8046,Pinks
2079,Pinks
9786,Purples
6579,Purples
9679,Purples
4433,Purples
535,Pinks
7743,Browns
3471,Greys
9525,Pinks
75,Yellows
5322,Pinks
7099,Oranges
8741,Blues
9531,Pinks
4988,Pinks
2572,Blues
5873,Pinks
8051,Browns
354,Yellows
5033,Blues
5965,Blues
1340,Browns
6607,Browns
26,Pinks
3666,Blues
3612,Pinks
4091,Yellows
1783,Purples
6894,Greens
2025,Browns
5413,Browns
8764,Greens
899,Oranges
7370,Turquoises
6592,Oranges
4019,Browns
1213,Browns
2930,Greys
4844,Greens
8133,Turquoises
1956,Greys
4963,Blues
171,Purples
2811,Blues
2175,Purples
8009,Browns
7979,Blues
4957,Browns
549,Blues
5259,Purples
80,Greens
881,Purples
3096,Purples
8656,Pinks
6734,Browns
4692,Browns
8393,Browns
5183,Greens
5974,Greens
4526,Purples
3721,Oranges
5034,Yellows
5569,Browns
5620,Yellows
328,Browns
1948,Blues
4018,Browns
7108,Browns
678,Purples
2397,Purples
9202,Purples
3839,Greens
5030,Pinks
3414,Oranges
3281,Greens
7904,Pinks
1269,Blues
7745,Turquoises
2609,Browns
8076,Blues
7529,Whites
6195,Oranges
3730,Blues
4676,Oranges
745,Purples
8385,Purples
2154,Yellows
5397,Yellows
7194,Greens
4070,Greens
6382,Reds
4820,Browns
3424,Whites
474,Browns
1193,Greens
5454,Greens
3581,Purples
3106,Browns
4060,Blues
7157,Pinks
7250,Browns
4274,Blues
2261,Browns
4941,Pinks
1096,Greens
5484,Blues
4893,Browns
8617,Browns
4912,Whites
4593,Purples
736,Browns
7762,Greys
709,Purples
4021,Greys
2145,Greens
1820,Pinks
6179,Greens
5482,Blues
5880,Blues
9465,Browns
1692,Blues
4742,Greens
5070,Purples
6731,Greens
9656,Oranges
1239,Browns
6671,Whites
7371,Browns
7980,Blues
8488,Purples
3956,Purples
2317,Greens
9216,Greens
2830,Yellows
1663,Blues
6483,Browns
3836,Greens
6061,Browns
1045,Greys
2991,Purples
9530,Purples
796,Pinks
6004,Browns
4709,Browns
5918,Purples
9537,Purples
3547,Purples
9701,Purples
1915,Browns
5507,Greens
4720,Oranges
1503,Reds
9998,Blues
8501,Pinks
5442,Turquoises
252,Purples
3524,Blues
5713,Blues
8416,Greens
4673,Greens
6386,Greens
2316,Oranges
4048,Purples
1647,Purples
1446,Blues
4151,Greens
2992,Greens
9915,Browns
6438,Oranges
83,Browns
5805,Browns
4787,Browns
18,Purples
5382,Pinks
6586,Browns
5904,Turquoises
4141,Browns
9433,Whites
9233,Whites
5012,Pinks
2117,Browns
1818,Blues
6720,Pinks
861,Pinks
1802,Pinks
5264,Pinks
6073,Reds
1332,Greens
1918,Greens
2263,Blues
2216,Purples
21,Browns
5986,Reds
1064,Browns
9249,Greys
4117,Oranges
7436,Pinks
8809,Greys
7737,Pinks
1880,Blues
2326,Blues
8219,Purples
742,Blues
6717,Purples
2658,Browns
1260,Blues
2054,Purples
9345,Blues
2369,Browns
8565,Browns
2221,Pinks
7771,Purples
3888,Browns
2505,Pinks
5720,Purples
7919,Oranges
6695,Pinks
1402,Pinks
9173,Purples
2008,Turquoises
4750,Browns
977,Greys
5928,Oranges
6371,Purples
1890,Browns
5572,Greys
7591,Purples
5776,Purples
360,Purples
3021,Purples
5448,Purples
4730,Purples
7064,Purples
9528,Purples
9658,Yellows
6290,Browns
9365,Greens
3821,Greys
5142,Greens
1916,Oranges
4956,Browns
4715,Blues
4993,Pinks
5256,Greens
6339,Blues
825,Greens
3125,Greens
2467,Greens
318,Blues
8865,Yellows
6416,Oranges
3393,Purples
2705,Yellows
8141,Blues
6814,Browns
2192,Blues
884,Greens
7945,Purples
4311,Whites
5353,Purples
2574,Purples
310,Pinks
2885,Purples
7490,Purples
7465,Purples
213,Blues
50,Reds
8512,Greens
4409,Browns
8023,Blues
5886,Pinks
4544,Blues
4907,Whites
902,Browns
3121,Pinks
5885,Purples
870,Pinks
6978,Purples
8820,Greys
6316,Browns
9028,Purples
3123,Purples
7660,Pinks
5216,Greys
7858,Browns
2100,Purples
1003,Greys
907,Greens
8547,Pinks
1198,Blues
8754,Browns
9626,Browns
7849,Reds
5028,Browns
2744,Purples
9140,Greens
101,Reds
3305,Pinks
8026,Browns
3408,Purples
1204,Purples
9945,Browns
3624,Purples
4336,Blues
3622,Blues
2760,Browns
1881,Greens
8239,Purples
2011,Browns
8594,Turquoises
618,Blues
5243,Browns
577,Purples
6906,Browns
9572,Purples
2596,Purples
3693,Purples
7209,Turquoises
2289,Turquoises
3040,Purples
9030,Blues
402,Greens
4054,Purples
1066,Purples
642,Browns
9255,Purples
7630,Browns
3098,Greens
5425,Browns
5439,Blues
3902,Purples
3056,Browns
1904,Browns
4108,Blues
8966,Browns
4254,Purples
1137,Yellows
7389,Pinks
8607,Greens
8850,Browns
3081,Browns
1990,Greens
4337,Reds
6932,Turquoises
7253,Browns
2367,Yellows
373,Browns
6524,Purples
575,Browns
7641,Greens
8332,Blues
4545,Browns
2276,Browns
6550,Purples
5184,Greys
6147,Greens
462,Turquoises
3355,Greens
7845,Purples
2953,Oranges
1506,Purples
9354,Reds
3061,Greys
593,Whites
4529,Blues
2251,Purples
7861,Greens
5331,Purples
8312,Blues
394,Pinks
1325,Oranges
6988,Browns
6243,Purples
816,Blues
5529,Purples
3722,Yellows
9023,Purples
8968,Blues
7281,Browns
6213,Turquoises
8979,Purples
8773,Blues
4445,Purples
1371,Yellows
2626,Purples
4173,Purples
4693,Purples
3767,Browns
9930,Greens
8852,Purples
1067,Oranges
5843,Browns
4308,Purples
9900,Purples
9614,Purples
7721,Pinks
5876,Greys
6820,Purples
7488,Greens
215,Purples
5542,Blues
2498,Purples
5898,Whites
4974,Whites
3260,Purples
9379,Browns
6699,Purples
1857,Turquoises
9115,Blues
3477,Purples
8280,Turquoises
8849,Greens
4702,Purples
8581,Greens
4839,Purples
1176,Greens
7458,Whites
504,Greens
6832,Whites
947,Greys
5819,Pinks
1449,Whites
7001,Greens
2234,Greens
4946,Whites
3930,Purples
4383,Purples
4919,Greens
6691,Blues
5126,Purples
4272,Browns
6136,Yellows
4493,Greys
6170,Greys
8964,Greys
6564,Purples
7479,Yellows
12,Oranges
1274,Greens
9995,Browns
7116,Blues
4365,Purples
6791,Browns
5450,Blues
7354,Browns
6587,Pinks
8268,Pinks
4238,Yellows
7962,Greens
6347,Reds
6,Browns
1276,Blues
555,Yellows
1901,Greens
4427,Purples
8721,Purples
9386,Yellows
7378,Yellows
7699,Purples
7290,Purples
9638,Purples
8774,Blues
9371,Browns
8633,Browns
521,Purples
8181,Purples
8629,Greens
3696,Greys
3433,Oranges
9938,Purples
9777,Turquoises
5823,Greys
1627,Blues
6065,Turquoises
6080,Greens
5963,Pinks
6106,Purples
7497,Browns
8305,Purples
9970,Browns
3998,Browns
9650,Purples
8917,Browns
7262,Purples
9093,Reds
306,Yellows
2386,Greens
1585,Reds
5738,Whites
2956,Purples
9134,Greys
6601,Blues
8310,Greens
3434,Purples
4646,Greys
9017,Purples
1781,Oranges
2183,Purples
303,Yellows
6774,Blues
3508,Purples
9988,Oranges
5851,Browns
1866,Turquoises
5977,Whites
2461,Oranges
9644,Reds
8189,Whites
538,Reds
1993,Whites
583,Purples
3013,Greens
2641,Browns
6594,Purples
540,Turquoises
285,Purples
5411,Yellows
3461,Blues
8722,Yellows
7056,Pinks
70,Greens
1873,Blues
3627,Pinks
9774,Greys
3087,Greens
5220,Greys
389,Browns
4033,Greens
6998,Greens
6723,Greys
9499,Greens
8057,Purples
3515,Purples
7523,Greys
4101,Pinks
2774,Purples
7817,Blues
7455,Turquoises
5628,Whites
929,Turquoises
1065,Yellows
6850,Turquoises
4890,Blues
4660,Browns
8616,Whites
6430,Greens
1834,Browns
1560,Purples
3741,Greys
2065,Yellows
3359,Purples
9064,Purples
8262,Purples
1100,Pinks
7826,Greens
7763,Purples
1226,Turquoises
8756,Purples
1074,Browns
2816,Whites
1975,Blues
5630,Browns
9598,Purples
7867,Oranges
4172,Purples
17,Greys
393,Blues
5177,Pinks
5211,Greens
9223,Greens
1047,Browns
9953,Whites
4364,Turquoises
3558,Yellows
718,Reds
3092,Turquoises
228,Blues
6918,Purples
7579,Blues
4506,Browns
6330,Browns
357,Purples
6577,Pinks
5767,Greys
951,Purples
3466,Browns
5489,Greens
6026,Browns
3138,Greens
2923,Turquoises
6994,Purples
299,Purples
5725,Purples
2205,Purples
8296,Purples
5817,Purples
2567,Greys
8647,Turquoises
4572,Greys
541,Purples
6021,Pinks
9124,Greens
3395,Yellows
7811,Purples
971,Greens
9177,Blues
9516,Browns
3170,Pinks
6939,Browns
7332,Blues
9511,Greys
1120,Purples
7182,Purples
3236,Greens
5609,Oranges
8973,Greens
9668,Browns
8609,Blues
1084,Greens
8232,Greens
3630,Purples
8796,Greys
9523,Purples
8150,Blues
1968,Blues
197,Purples
8321,Pinks
7244,Purples
6488,Browns
5509,Purples
6522,Blues
4455,Greens
8831,Pinks
4573,Purples
3100,Browns
743,Turquoises
3575,Browns
8062,Blues
3744,Turquoises
123,Blues
1586,Purples
6781,Browns
6059,Blues
3758,Browns
5078,Greys
4582,Greys
2466,Greens
7294,Pinks
5141,Pinks
6112,Greens
6440,Purples
9308,Greens
9388,Browns
5840,Purples
2021,Browns
9081,Greys
9356,Browns
9127,Blues
1944,Yellows
9485,Browns
7972,Browns
8589,Blues
938,Turquoises
4388,Yellows
3790,Whites
9665,Greys
1293,Purples
5157,Browns
4791,Browns
2464,Blues
7464,Purples
1533,Purples
9095,Greens
4100,Pinks
6139,Greys
5854,Purples
150,Greens
852,Purples
4881,Purples
8731,Oranges
3494,Pinks
9671,Turquoises
8583,Purples
9268,Greens
7961,Purples
782,Pinks
9746,Reds
4162,Purples
7997,Browns
6890,Blues
5444,Whites
84,Purples
9649,Greys
1214,Turquoises
1804,Greys
496,Greens
8566,Blues
3853,Reds
7548,Whites
4450,Turquoises
9554,Greens
7601,Greens
3110,Purples
2962,Purples
6543,Greens
5343,Browns
3063,Pinks
2812,Greys
260,Purples
1937,Browns
7447,Yellows
3646,Turquoises
2579,Greens
8991,Greys
8575,Browns
9696,Greens
1496,Browns
316,Browns
62,Whites
3350,Oranges
3973,Greens
7346,Greens
9798,Purples
7343,Browns
7207,Yellows
74,Purples
8224,Greens
9886,Purples
259,Greens
6148,Reds
5786,Greens
9978,Oranges
8427,Blues
9199,Purples
1643,Whites
1501,Greys
1710,Greens
9867,Browns
8491,Browns
1689,Purples
4293,Greens
7174,Whites
2396,Greys
5194,Pinks
6554,Blues
3046,Browns
4398,Blues
7543,Greens
3320,Pinks
9688,Greens
6846,Greens
4047,Whites
4397,Blues
6493,Yellows
1706,Browns
276,Pinks
6384,Greens
6760,Greys
1156,Oranges
7276,Browns
7145,Pinks
9932,Greens
2735,Purples
9535,Browns
1057,Blues
840,Purples
7925,Browns
2814,Purples
2784,Purples
5044,Blues
7219,Browns
4304,Greys
6596,Pinks
6165,Purples
5301,Pinks
6773,Blues
1254,Pinks
6296,Blues
7216,Browns
6696,Yellows
1143,Pinks
22,Whites
3372,Browns
9046,Yellows
9590,Whites
4471,Blues
8201,Greys
9843,Whites
3363,Greys
1428,Blues
2832,Browns
9748,Purples
5695,Pinks
5360,Greens
5480,Turquoises
4579,Browns
6322,Greys
7642,Blues
9880,Greens
6142,Purples
8266,Greens
4901,Purples
6489,Blues
9304,Turquoises
2017,Blues
1485,Purples
6862,Pinks
5737,Greys
57,Pinks
5299,Blues
8206,Yellows
340,Oranges
9096,Oranges
8827,Greens
4193,Oranges
1882,Turquoises
5714,Yellows
941,Browns
998,Browns
5375,Purples
100,Blues
3207,Oranges
1257,Browns
872,Whites
4869,Turquoises
7383,Purples
708,Pinks
3658,Greens
4294,Purples
9784,Yellows
3180,Yellows
1875,Greens
7917,Purples
5545,Greys
1694,Browns
4691,Purples
836,Blues
9451,Purples
6980,Turquoises
8499,Browns
8217,Browns
4877,Purples
9217,Greys
3823,Purples
8341,Greens
8336,Oranges
1589,Browns
1740,Whites
5698,Pinks
2445,Greys
1799,Browns
2140,Yellows
4887,Browns
230,Browns
8444,Greens
5802,Blues
5160,Reds
1327,Purples
6258,Purples
2679,Reds
4797,Yellows
753,Greys
8331,Greens
293,Purples
8948,Purples
5233,Purples
2372,Oranges
4833,Purples
2798,Greys
2780,Greens
2170,Browns
1809,Browns
3810,Blues
5663,Browns
6090,Purples
1552,Whites
5622,Purples
9692,Blues
5198,Greens
5392,Browns
2936,Purples
1282,Browns
787,Purples
2002,Browns
5916,Greens
1870,Greens
1317,Blues
3404,Purples
5970,Browns
9618,Reds
3263,Purples
3192,Browns
2481,Purples
7016,Greens
4874,Blues
3992,Browns
6429,Purples
558,Purples
14,Purples
7680,Greens
6604,Purples
6285,Yellows
7139,Greys
1687,Purples
7237,Turquoises
6762,Browns
3572,Browns
9021,Pinks
3931,Purples
4395,Oranges
3926,Blues
9993,Browns
9648,Turquoises
7137,Blues
4457,Greens
4150,Browns
5125,Greys
2941,Whites
3806,Greys
5867,Blues
5196,Purples
3635,Browns
1079,Browns
6234,Browns
8490,Turquoises
7648,Pinks
5477,Oranges
4517,Pinks
8099,Greens
5594,Blues
8079,Pinks
4458,Blues
3967,Greys
9401,Greens
3328,Greens
551,Purples
9853,Browns
2828,Pinks
1223,Oranges
5937,Reds
6739,Purples
2120,Browns
6490,Pinks
6145,Browns
5009,Browns
3279,Pinks
5443,Browns
7288,Purples
8114,Purples
6609,Greens
1861,Pinks
6741,Pinks
333,Greys
6029,Purples
3059,Reds
5525,Pinks
5011,Pinks
3917,Browns
5151,Blues
7685,Purples
6443,Purples
3822,Purples
7572,Blues
4363,Pinks
3072,Whites
9575,Yellows
817,Browns
1460,Browns
9548,Browns
7989,Browns
8525,Purples
6018,Browns
1022,Yellows
5465,Greens
4120,Oranges
7874,Yellows
8703,Purples
7518,Turquoises
7747,Greens
3462,Browns
810,Greens
3099,Purples
1555,Greys
3686,Browns
8987,Turquoises
5624,Purples
2890,Greens
5101,Purples
2827,Greens
689,Purples
9726,Greens
4620,Greens
6947,Oranges
1928,Turquoises
9049,Greys
2269,Yellows
4283,Browns
2219,Greens
704,Purples
4223,Purples
4571,Pinks
4818,Browns
4917,Purples
668,Purples
8790,Blues
8641,Oranges
1760,Reds
2968,Oranges
2431,Purples
6363,Pinks
6684,Browns
8089,Pinks
3139,Purples
6238,Greys
2482,Greys
3189,Blues
8218,Blues
9099,Yellows
5770,Purples
6143,Whites
7340,Browns
4756,Whites
7146,Greys
3400,Greens
2865,Turquoises
3351,Yellows
8417,Browns
5846,Greens
1114,Blues
8649,Purples
7202,Yellows
7671,Pinks
201,Pinks
4059,Purples
4563,Purples
3859,Purples
3205,Purples
6636,Reds
2101,Pinks
652,Purples
8770,Purples
904,Browns
458,Turquoises
6277,Purples
3870,Greys
8963,Purples
6460,Turquoises
3535,Purples
7395,Greens
3595,Greens
2725,Oranges
417,Purples
2393,Greens
3914,Purples
1700,Greys
5833,Browns
6765,Browns
6901,Greys
6324,Oranges
2364,Greens
1727,Browns
267,Purples
9842,Purples
8601,Purples
6367,Browns
5513,Yellows
7687,Greys
4200,Turquoises
7136,Greens
9968,Purples
3153,Oranges
4314,Purples
4146,Browns
7797,Oranges
4892,Purples
5081,Turquoises
8952,Pinks
205,Browns
3799,Purples
5727,Blues
6789,Purples
2510,Whites
6305,Blues
7770,Greens
2019,Pinks
9357,Greys
4174,Blues
5117,Greys
8438,Blues
3892,Oranges
9409,Purples
1170,Greys
61,Reds
1039,Purples
9186,Greys
8605,Purples
4696,Reds
581,Oranges
9773,Browns
9476,Browns
8451,Browns
102,Purples
9868,Reds
569,Purples
4722,Purples
5244,Blues
900,Browns
3486,Yellows
7587,Greens
2797,Reds
4705,Purples
6759,Purples
6655,Browns
3216,Turquoises
2433,Purples
288,Blues
2537,Oranges
2143,Greens
4878,Purples
9789,Turquoises
9846,Pinks
5179,Pinks
6465,Purples
6038,Pinks
5419,Purples
4130,Yellows
2888,Purples
5363,Greens
1775,Yellows
2586,Purples
207,Purples
1230,Reds
6776,Yellows
477,Turquoises
5793,Browns
7265,Browns
6646,Blues
4250,Yellows
3746,Oranges
6083,Pinks
7985,Purples
3694,Greens
9828,Purples
7503,Purples
4282,Browns
8361,Purples
4035,Purples
6927,Purples
2130,Purples
5841,Purples
6879,Turquoises
352,Turquoises
807,Whites
3943,Reds
1409,Browns
3900,Whites
6611,Browns
1089,Greens
8288,Reds
8648,Browns
2277,Purples
7820,Whites
4168,Oranges
9691,Purples
3122,Whites
4212,Pinks
3708,Blues
1994,Browns
2791,Turquoises
9221,Blues
3923,Purples
7716,Browns
1404,Pinks
3819,Browns
2624,Turquoises
1703,Browns
6953,Browns
3757,Purples
3008,Purples
2815,Browns
7153,Purples
7538,Greens
2628,Purples
2160,Pinks
4408,Turquoises
245,Yellows
9172,Whites
1733,Blues
9179,Browns
9956,Greens
112,Purples
5683,Purples
5949,Purples
1292,Browns
5808,Purples
3811,Purples
9557,Greens
8187,Greens
7491,Purples
1085,Browns
8484,Browns
6925,Pinks
8739,Pinks
7463,Greens
7440,Pinks
726,Greens
3406,Purples
4393,Purples
4743,Blues
6096,Purples
2663,Pinks
3201,Purples
6872,Greens
7594,Reds
8506,Blues
1025,Browns
7054,Browns
5067,Purples
3228,Purples
1923,Pinks
9443,Purples
3147,Purples
6255,Greens
5076,Browns
2727,Pinks
8824,Purples
9941,Purples
5049,Pinks
2582,Oranges
4633,Blues
2287,Greens
3127,Browns
5437,Oranges
9651,Purples
7790,Blues
4915,Greens
2863,Blues
3994,Purples
7444,Purples
5536,Greens
2320,Blues
961,Purples
1318,Blues
2294,Purples
8272,Greens
7166,Purples
1390,Browns
2494,Purples
1494,Purples
5205,Reds
8528,Blues
7446,Greens
9735,Purples
1595,Turquoises
4738,Greys
5209,Blues
7769,Greens
7802,Purples
7085,Pinks
5631,Pinks
8830,Greys
6558,Greens
8658,Purples
9157,Purples
5079,Pinks
1938,Browns
4374,Yellows
3430,Purples
8128,Greens
1598,Browns
9606,Blues
1059,Blues
1398,Pinks
9989,Greens
8590,Greys
5451,Pinks
5102,Purples
7355,Purples
4016,Yellows
6500,Purples
5798,Greens
8177,Oranges
5533,Pinks
5921,Purples
7391,Purples
8203,Greens
9904,Browns
5990,Oranges
6888,Whites
1043,Pinks
4986,Greens
9759,Purples
6528,Whites
9151,Blues
948,Purples
5769,Browns
3449,Yellows
5365,Turquoises
9820,Yellows
1359,Blues
1091,Greens
1381,Greys
1482,Greys
2605,Purples
1141,Yellows
1752,Blues
8059,Greys
1790,Greys
3844,Greys
1026,Yellows
9591,Blues
7927,Purples
6193,Blues
3007,Greys
2499,Whites
6788,Purples
3932,Purples
2620,Purples
3282,Blues
8758,Purples
8869,Browns
5174,Browns
2543,Greys
8842,Purples
5118,Purples
4735,Purples
5187,Turquoises
1415,Blues
1851,Purples
7286,Pinks
4346,Pinks
2521,Purples
7058,Yellows
9278,Pinks
1670,Purples
4020,Greens
9724,Greys
3295,Purples
77,Greens
4524,Purples
4249,Reds
8435,Pinks
9967,Oranges
8300,Purples
3232,Greens
8293,Turquoises
3465,Oranges
1681,Blues
9484,Blues
2394,Purples
8251,Purples
949,Greens
7000,Purples
4559,Browns
8895,Purples
7128,Purples
7720,Greys
7125,Browns
3814,Greys
9514,Purples
5547,Whites
5280,Browns
7570,Greens
2380,Pinks
2743,Blues
7010,Purples
7307,Greens
5258,Purples
5254,Blues
505,Purples
8902,Blues
4737,Greens
367,Oranges
5037,Pinks
2966,Browns
924,Purples
6030,Whites
1319,Blues
9183,Pinks
9556,Browns
9583,Purples
1932,Yellows
7505,Blues
6540,Oranges
7462,Browns
6058,Pinks
4551,Purples
9584,Purples
140,Purples
2038,Browns
9291,Purples
9654,Greens
7617,Greens
7728,Browns
7884,Oranges
8084,Browns
7588,Browns
5478,Turquoises
4554,Purples
9417,Purples
5414,Browns
3397,Purples
6159,Greens
6133,Browns
1726,Greys
3044,Purples
6505,Purples
5946,Purples
746,Turquoises
4226,Browns
3114,Purples
1309,Greens
2217,Pinks
7780,Greens
3553,Browns
2375,Browns
3938,Yellows
3030,Whites
3879,Greens
2437,Oranges
8602,Purples
2675,Browns
1288,Oranges
3529,Browns
1467,Pinks
4962,Greens
6448,Browns
8256,Pinks
8766,Purples
7118,Oranges
2692,Reds
96,Purples
524,Oranges
1444,Blues
9752,Browns
7460,Turquoises
785,Browns
7273,Browns
9882,Purples
24,Turquoises
116,Browns
2303,Purples
8775,Greys
6132,Blues
2629,Turquoises
2306,Greys
5161,Reds
4649,Greens
9069,Blues
4267,Browns
7729,Purples
4683,Browns
9593,Reds
2939,Greys
2023,Browns
2442,Purples
3431,Purples
6028,Greys
7779,Purples
339,Browns
3636,Purples
9325,Turquoises
3175,Purples
1324,Browns
4568,Greens
6466,Reds
503,Yellows
5546,Greens
6037,Blues
5276,Oranges
8923,Yellows
1719,Blues
9955,Yellows
1535,Browns
6276,Pinks
3006,Turquoises
7805,Pinks
519,Reds
2872,Whites
4359,Oranges
444,Browns
8180,Greys
4525,Pinks
3866,Turquoises
7804,Browns
56,Greys
8782,Purples
7530,Greys
1945,Pinks
5760,Purples
8211,Turquoises
2531,Greys
6307,Yellows
7476,Pinks
6184,Blues
268,Greys
7954,Browns
7019,Pinks
7697,Greens
9524,Pinks
1927,Turquoises
2649,Blues
4800,Browns
7325,Purples
2184,Greens
4975,Purples
4740,Purples
3560,Pinks
1447,Greens
1797,Greens
6751,Pinks
827,Yellows
1302,Greens
3537,Yellows
3296,Purples
2204,Blues
8747,Purples
7017,Browns
3165,Yellows
2476,Pinks
1529,Oranges
6985,Purples
9079,Purples
3776,Greens
9770,Blues
178,Whites
9366,Browns
8485,Browns
4491,Oranges
5262,Purples
7953,Pinks
421,Browns
6545,Purples
800,Purples
5333,Greens
1050,Greys
6958,Blues
405,Greens
9132,Browns
396,Browns
5270,Yellows
8463,Reds
6403,Browns
1362,Browns
2993,Browns
2926,Greens
4224,Purples
3527,Purples
6200,Oranges
3255,Blues
6392,Whites
2385,Browns
8249,Purples
3358,Yellows
4103,Purples
8363,Pinks
2231,Turquoises
9161,Greens
235,Yellows
643,Blues
1453,Browns
257,Browns
3919,Purples
9985,Greys
7412,Purples
2894,Blues
2311,Greens
6970,Pinks
9947,Whites
1240,Browns
2657,Oranges
4133,Greens
1763,Purples
6738,Greys
5832,Pinks
5750,Browns
3548,Purples
9532,Greens
1996,Oranges
194,Pinks
2429,Browns
3258,Pinks
2979,Pinks
4592,Greens
2333,Blues
833,Whites
613,Browns
6530,Greens
9633,Greys
7362,Blues
5494,Purples
1877,Pinks
5090,Blues
1219,Browns
974,Purples
8662,Greys
6938,Purples
5355,Purples
5499,Purples
8983,Browns
2647,Whites
9885,Reds
5617,Browns
631,Purples
5903,Greys
1405,Whites
3227,Yellows
8560,Greens
2262,Oranges
8500,Purples
6250,Browns
4407,Purples
6630,Pinks
7103,Purples
720,Purples
8751,Greens
9870,Purples
7613,Pinks
5056,Oranges
6062,Greys
1150,Purples
8317,Browns
9456,Purples
4510,Pinks
5314,Reds
5165,Purples
6102,Purples
2906,Greens
173,Purples
3488,Oranges
4997,Browns
8467,Purples
980,Yellows
9376,Purples
5541,Greens
6171,Oranges
5170,Purples
7823,Oranges
9003,Purples
8738,Purples
8274,Yellows
5512,Yellows
6648,Pinks
177,Pinks
6039,Purples
7014,Yellows
9796,Pinks
1138,Reds
5809,Reds
6921,Purples
931,Greens
2436,Purples
4068,Reds
7504,Turquoises
8587,Greens
6055,Purples
3410,Purples
1205,Yellows
126,Browns
2424,Oranges
1557,Browns
959,Whites
9160,Greens
2327,Greys
7902,Purples
8977,Browns
7402,Greens
5313,Purples
9826,Purples
4846,Purples
5310,Browns
2778,Browns
9266,Browns
8475,Browns
9792,Whites
4619,Browns
651,Purples
2340,Browns
4945,Turquoises
8033,Purples
7719,Purples
858,Browns
4759,Greens
5421,Reds
8886,Browns
539,Purples
5113,Purples
1140,Purples
3392,Browns
9337,Browns
2699,Yellows
8931,Pinks
3376,Purples
5987,Purples
426,Purples
2470,Purples
4488,Blues
9533,Purples
9244,Yellows
7269,Browns
5960,Greens
3005,Browns
1844,Turquoises
3070,Browns
4061,Browns
6144,Pinks
3022,Greens
3289,Browns
7024,Pinks
4275,Blues
7112,Reds
7793,Reds
6658,Blues
6747,Blues
9050,Browns
5298,Browns
9320,Purples
7930,Browns
7100,Pinks
2589,Browns
965,Pinks
8060,Browns
2136,Blues
6298,Blues
8798,Yellows
3108,Pinks
2800,Greys
2348,Greens
4928,Whites
6354,Purples
7104,Greens
2928,Yellows
1430,Greys
2049,Purples
8244,Browns
4273,Pinks
5552,Pinks
7365,Browns
7629,Pinks
7107,Pinks
5557,Greens
1545,Browns
2210,Purples
2718,Oranges
2539,Greys
1215,Pinks
5016,Browns
1822,Blues
6556,Purples
891,Purples
1307,Oranges
6580,Blues
4816,Pinks
2123,Greens
1011,Browns
2040,Pinks
2176,Turquoises
4991,Yellows
9694,Greens
8041,Greens
3939,Pinks
4736,Blues
8265,Purples
1751,Purples
6309,Browns
812,Greys
9275,Greys
4155,Yellows
806,Purples
8282,Oranges
3984,Greens
5338,Browns
2377,Blues
5781,Pinks
6168,Blues
6675,Browns
145,Blues
1773,Greens
7289,Purples
1981,Greens
8145,Browns
2146,Whites
2805,Pinks
6167,Purples
7205,Browns
9529,Turquoises
8178,Greens
9715,Purples
6674,Oranges
4270,Yellows
5415,Oranges
3789,Browns
8489,Browns
1839,Yellows
5654,Pinks
7094,Purples
9195,Purples
2345,Turquoises
6510,Yellows
9732,Oranges
3871,Oranges
2575,Whites
97,Blues
8496,Purples
9749,Greens
7937,Purples
7984,Yellows
4879,Yellows
2181,Browns
2860,Purples
544,Pinks
8147,Greys
8377,Browns
6599,Browns
9067,Browns
5095,Yellows
9558,Reds
6808,Greens
9156,Pinks
7242,Purples
7300,Greens
4958,Blues
4220,Browns
9076,Greens
8172,Browns
8085,Oranges
7261,Whites
7468,Purples
8216,Pinks
9364,Greens
2268,Pinks
2078,Browns
8526,Greens
1739,Oranges
2989,Blues
9164,Whites
4665,Turquoises
1071,Purples
9241,Purples
6377,Yellows
7425,Purples
5173,Browns
4072,Greys
1320,Browns
9973,Browns
527,Oranges
6350,Purples
9230,Greens
8243,Yellows
3179,Pinks
6044,Pinks
8295,Pinks
5813,Browns
6924,Browns
2000,Purples
4199,Pinks
9243,Purples
7184,Blues
6567,Yellows
1672,Greens
657,Pinks
8258,Turquoises
8612,Purples
39,Purples
4202,Browns
2026,Purples
6313,Greens
3813,Purples
7133,Browns
4689,Greens
9875,Blues
157,Browns
7083,Greens
8546,Purples
8292,Greys
3536,Whites
6640,Greys
5757,Oranges
8971,Pinks
5734,Browns
9700,Purples
9621,Browns
2115,Greys
9555,Browns
5964,Purples
423,Greys
7694,Purples
5816,Greens
4277,Greys
8697,Greens
5305,Yellows
698,Reds
8807,Reds
3422,Oranges
3557,Browns
5138,Purples
3308,Purples
2346,Purples
6153,Purples
6770,Purples
7096,Greens
7748,Greens
4670,Pinks
2722,Browns
8740,Browns
779,Purples
8018,Greens
5580,Browns
7960,Whites
7493,Greys
5432,Browns
8567,Blues
2565,Turquoises
6649,Blues
2055,Browns
1858,Yellows
723,Purples
4788,Blues
2029,Blues
30,Greys
2418,Purples
1825,Pinks
4861,Browns
16,Greens
3001,Oranges
2590,Browns
7757,Purples
9541,Turquoises
7065,Pinks
38,Oranges
5783,Blues
1346,Greys
8666,Purples
9210,Greens
5064,Greens
6137,Yellows
9149,Yellows
4207,Blues
2502,Greys
5401,Purples
9044,Browns
8922,Yellows
9734,Purples
9002,Purples
4629,Purples
2929,Turquoises
4811,Whites
3169,Browns
9330,Purples
6079,Browns
7600,Purples
2096,Purples
9987,Oranges
2829,Oranges
7304,Browns
5827,Yellows
5587,Purples
3832,Browns
9180,Purples
1929,Browns
4668,Browns
2853,Purples
8634,Greens
329,Yellows
3885,Browns
5954,Greens
8380,Reds
2750,Browns
2329,Browns
3718,Greens
3788,Oranges
20,Pinks
7255,Greys
1889,Yellows
1439,Greys
8083,Purples
5362,Greens
95,Blues
9071,Greens
6922,Blues
4904,Blues
471,Purples
317,Purples
7891,Pinks
8950,Greens
7967,Greens
9335,Pinks
4636,Purples
7044,Oranges
7212,Browns
2496,Reds
3990,Greys
7815,Turquoises
1913,Purples
3190,Blues
5848,Browns
1917,Blues
9954,Yellows
3604,Browns
669,Browns
4291,Oranges
9397,Blues
5731,Pinks
2835,Greys
6288,Purples
4521,Blues
7911,Greys
3774,Purples
9452,Yellows
5083,Browns
4196,Oranges
8478,Greys
3208,Purples
6300,Purples
2671,Browns
3563,Turquoises
7062,Purples
693,Greens
1525,Yellows
990,Purples
6721,Yellows
3794,Yellows
2913,Greens
6364,Browns
2344,Greens
590,Oranges
3360,Browns
6074,Turquoises
3068,Browns
8324,Browns
7282,Oranges
9960,Oranges
105,Turquoises
446,Turquoises
4446,Browns
6459,Purples
5368,Turquoises
7323,Purples
667,Blues
9578,Greens
2969,Purples
4013,Pinks
6593,Browns
586,Greys
2545,Browns
8193,Browns
2959,Greys
513,Greys
9402,Purples
8956,Purples
413,Turquoises
3784,Reds
9755,Blues
6557,Pinks
3126,Pinks
9292,Pinks
6799,Purples
211,Browns
7222,Whites
9740,Pinks
3742,Purples
3782,Pinks
255,Greens
6637,Purples
9864,Blues
7022,Yellows
1550,Browns
466,Yellows
557,Browns
6256,Blues
46,Reds
7138,Purples
2189,Purples
9314,Purples
5650,Pinks
4144,Browns
7015,Purples
8286,Blues
4317,Browns
2810,Purples
1979,Blues
2206,Browns
8106,Purples
9047,Purples
9189,Blues
4318,Pinks
1741,Browns
8771,Blues
6714,Oranges
6370,Reds
9660,Greens
1688,Oranges
7333,Browns
2166,Pinks
2066,Pinks
9438,Blues
1159,Purples
7836,Purples
9375,Greens
5318,Purples
6007,Reds
5988,Purples
3526,Greens
1813,Purples
8969,Whites
8326,Purples
6517,Turquoises
7235,Purples
4027,Purples
7130,Greys
2141,Purples
2946,Greys
5574,Browns
1997,Greens
9237,Pinks
4343,Purples
8768,Browns
8186,Greens
3117,Purples
3878,Browns
7706,Turquoises
2371,Purples
792,Blues
2051,Turquoises
3841,Purples
2083,Purples
1985,Purples
3327,Browns
5756,Turquoises
7326,Yellows
4615,Yellows
2116,Browns
1963,Greens
2485,Browns
1310,Purples
9219,Yellows
1868,Pinks
4876,Blues
395,Purples
3511,Browns
1278,Oranges
9608,Purples
9977,Purples
5046,Greys
4163,Oranges
638,Purples
6292,Whites
9373,Browns
1315,Greys
5004,Greens
5492,Pinks
7755,Browns
4731,Browns
3443,Yellows
1701,Purples
2121,Blues
3826,Browns
6643,Browns
2934,Purples
7675,Reds
9014,Pinks
8518,Turquoises
7638,Browns
9817,Purples
4953,Turquoises
3479,Oranges
803,Browns
1575,Yellows
8020,Blues
587,Greens
3779,Purples
8885,Greens
2849,Purples
4105,Pinks
4056,Browns
5648,Oranges
1568,Browns
1867,Greens
9326,Purples
491,Reds
4225,Browns
2323,Greys
6793,Reds
1339,Pinks
1194,Purples
3361,Greens
5517,Greens
4323,Greys
3378,Purples
7532,Whites
9797,Yellows
8776,Yellows
5074,Purples
3162,Yellows
6867,Turquoises
5219,Greens
9038,Blues
8015,Purples
2782,Yellows
8674,Yellows
9892,Pinks
5140,Browns
5739,Whites
5508,Purples
5884,Blues
1055,Whites
8550,Greens
4739,Whites
4015,Purples
5357,Greens
4148,Purples
4523,Purples
1459,Browns
8297,Blues
2196,Yellows
6881,Reds
1286,Purples
733,Greens
6023,Browns
917,Blues
7320,Yellows
3292,Purples
2977,Pinks
8780,Purples
3617,Pinks
634,Reds
2648,Yellows
1174,Pinks
5374,Pinks
5649,Pinks
2067,Blues
2771,Greys
1864,Pinks
8941,Purples
9579,Purples
6790,Browns
422,Pinks
5729,Blues
1965,Purples
5516,Pinks
5689,Turquoises
9596,Purples
7188,Blues
8993,Greens
2911,Browns
320,Purples
3589,Greens
9768,Purples
3847,Reds
9,Purples
7404,Purples
9061,Purples
7143,Blues
1181,Greens
226,Oranges
7005,Browns
4500,Purples
5526,Browns
9913,Whites
8829,Browns
2455,Whites
3831,Greys
9747,Purples
441,Browns
5061,Reds
9946,Oranges
9481,Purples
5806,Purples
2633,Purples
8621,Reds
2248,Yellows
1376,Oranges
416,Turquoises
2616,Purples
3256,Pinks
9020,Browns
3729,Reds
5746,Turquoises
3455,Purples
9705,Purples
6361,Blues
8117,Blues
4036,Greens
4434,Pinks
2931,Browns
5862,Purples
7513,Browns
473,Purples
925,Browns
9396,Purples
3219,Purples
8523,Browns
1989,Purples
3911,Purples
7586,Blues
8667,Blues
9229,Yellows
2710,Purples
2401,Oranges
7151,Browns
2245,Blues
3036,Blues
3681,Greys
533,Blues
7632,Purples
8949,Purples
2788,Oranges
8378,Purples
6689,Browns
9800,Purples
6478,Pinks
4185,Purples
216,Blues
9673,Greys
9636,Yellows
9449,Greens
4657,Blues
5246,Blues
1092,Turquoises
9309,Browns
8055,Greys
6206,Turquoises
1369,Yellows
6565,Purples
1031,Pinks
2103,Blues
8844,Pinks
7859,Greens
9488,Purples
913,Yellows
8392,Browns
9577,Blues
3677,Purples
9339,Browns
6997,Browns
1366,Purples
7501,Yellows
3252,Purples
346,Purples
234,Pinks
3336,Yellows
3031,Reds
5549,Yellows
9056,Purples
6986,Greens
1314,Purples
10,Pinks
2769,Pinks
7875,Purples
510,Greens
9544,Greens
8049,Yellows
4546,Greens
5831,Greys
5570,Yellows
1509,Reds
874,Yellows
6369,Greys
9198,Purples
1183,Purples
6562,Browns
5003,Yellows
2334,Greys
7580,Greens
5857,Greens
2188,Whites
2339,Purples
308,Pinks
7208,Blues
4821,Oranges
6082,Oranges
8623,Browns
6670,Pinks
5226,Purples
8226,Pinks
377,Purples
7042,Blues
2300,Oranges
8050,Blues
6419,Purples
1227,Turquoises
4650,Yellows
7328,Yellows
5682,Greens
85,Browns
2214,Oranges
7933,Pinks
2308,Purples
8786,Purples
284,Browns
6321,Greens
163,Pinks
2337,Browns
738,Blues
7560,Pinks
7969,Purples
8343,Blues
6828,Browns
1755,Purples
1483,Yellows
4392,Pinks
7795,Purples
3551,Pinks
7700,Blues
1129,Greys
5839,Browns
8707,Purples
2155,Purples
9062,Greys
9298,Purples
5866,Browns
6188,Reds
5982,Purples
5879,Pinks
2414,Browns
5582,Browns
8853,Greens
794,Browns
3045,Purples
4084,Purples
1099,Yellows
3759,Browns
6067,Browns
1601,Purples
3150,Browns
5479,Turquoises
6261,Oranges
1669,Blues
3856,Purples
6617,Blues
2194,Browns
8452,Reds
9728,Purples
4110,Purples
7051,Greens
5555,Oranges
9025,Greys
7268,Purples
6513,Purples
5744,Blues
4834,Browns
6470,Purples
5824,Purples
750,Whites
3174,Purples
1400,Oranges
1277,Pinks
8412,Pinks
1242,Browns
5130,Blues
2305,Pinks
2152,Blues
887,Turquoises
665,Greens
8794,Browns
6692,Purples
6381,Greens
9435,Purples
1871,Purples
3037,Greys
9801,Purples
1316,Browns
605,Browns
7311,Browns
9840,Oranges
98,Browns
5099,Whites
2291,Browns
3872,Purples
8240,Greens
6110,Purples
2193,Purples
2738,Greys
3253,Oranges
148,Browns
3242,Pinks
2201,Greens
5975,Purples
1811,Oranges
3187,Purples
9034,Reds
611,Browns
562,Purples
4104,Greens
3993,Purples
9257,Purples
8323,Turquoises
9703,Greens
4462,Browns
2982,Whites
823,Pinks
2917,Whites
9729,Purples
9135,Pinks
6331,Browns
9187,Browns
1662,Browns
1417,Yellows
4093,Blues
3521,Purples
5685,Purples
6585,Greys
2654,Yellows
7735,Purples
7081,Browns
2449,Purples
8870,Blues
2973,Yellows
8879,Browns
2583,Browns
927,Browns
8835,Reds
2779,Pinks
8730,Blues
528,Greys
878,Purples
9100,Yellows
3676,Greens
4489,Pinks
7298,Yellows
4538,Browns
560,Purples
3649,Greens
4880,Browns
8597,Purples
2766,Browns
6227,Pinks
7814,Greens
8169,Greys
3957,Browns
9419,Reds
1450,Blues
166,Blues
728,Purples
7707,Purples
3379,Purples
3628,Purples
1859,Blues
1,Purples
3638,Purples
8748,Purples
5956,Blues
1677,Purples
9687,Purples
4121,Blues
7459,Pinks
8021,Yellows
8903,Greys
9761,Purples
7838,Purples
8960,Purples
8109,Browns
5723,Greys
7934,Greens
6248,Browns
9009,Blues
9848,Browns
4203,Yellows
1780,Turquoises
4335,Yellows
3710,Blues
6201,Greens
5100,Greens
766,Turquoises
5551,Blues
3458,Browns
804,Blues
9492,Browns
5865,Purples
3780,Browns
5275,Browns
6432,Blues
6295,Browns
8515,Browns
1157,Yellows
8635,Browns
4243,Reds
2551,Purples
7977,Greys
2460,Browns
9771,Blues
2964,Pinks
3460,Greens
282,Oranges
4210,Greens
1291,Yellows
8112,Turquoises
5705,Browns
0,Pinks
512,Browns
1699,Purples
8520,Oranges
588,Turquoises
2600,Purples
8139,Purples
5535,Purples
2880,Purples
2945,Pinks
7314,Reds
7322,Purples
9459,Browns
5385,Greens
9640,Greens
4979,Yellows
2191,Blues
661,Oranges
7292,Greys
3318,Turquoises
9033,Pinks
9600,Turquoises
7086,Greens
2907,Whites
8039,Blues
3880,Turquoises
9447,Reds
5590,Greys
3330,Browns
4843,Greens
6532,Greens
4187,Pinks
627,Yellows
5837,Browns
7781,Turquoises
2423,Purples
8907,Blues
5295,Pinks
7816,Purples
4342,Greys
2625,Browns
6805,Pinks
2309,Greens
7321,Purples
6712,Pinks
4209,Greys
1816,Blues
312,Reds
6729,Browns
1255,Browns
3368,Browns
684,Browns
6679,Oranges
8298,Oranges
6005,Turquoises
8709,Greens
706,Greens
966,Greens
3702,Oranges
6409,Purples
4852,Blues
3057,Blues
5635,Whites
6101,Browns
3089,Pinks
3463,Purples
5733,Whites
6842,Blues
6926,Greens
7011,Purples
9205,Purples
875,Purples
9935,Pinks
9319,Purples
8726,Pinks
3288,Pinks
8975,Blues
3546,Yellows
4371,Purples
3656,Whites
4701,Turquoises
1738,Purples
6876,Turquoises
7218,Greys
8832,Greys
9928,Pinks
8313,Purples
8173,Greys
3793,Greens
8123,Greens
4965,Yellows
6987,Purples
8284,Browns
236,Greens
801,Browns
2077,Greens
1729,Turquoises
8384,Purples
6515,Purples
6009,Pinks
2332,Blues
5613,Pinks
6075,Whites
5481,Greys
3951,Greens
8897,Blues
9653,Pinks
9343,Purples
1942,Reds
6946,Blues
5418,Pinks
5384,Greens
7379,Browns
9328,Turquoises
777,Browns
4044,Browns
6647,Purples
8424,Greys
1179,Reds
3052,Purples
5223,Pinks
5561,Blues
1484,Greens
6011,Purples
6152,Purples
5670,Browns
6263,Greens
3727,Purples
9506,Blues
5684,Blues
2444,Purples
6049,Yellows
4923,Browns
3467,Browns
9037,Greys
9971,Purples
4463,Browns
8107,Yellows
3978,Greens
6124,Yellows
1860,Pinks
5317,Browns
8375,Purples
4097,Greens
3954,Oranges
3567,Blues
6597,Yellows
2833,Pinks
1883,Whites
828,Greens
9714,Greys
5495,Purples
9574,Greys
4418,Browns
5319,Purples
5082,Browns
1954,Browns
6874,Yellows
8335,Yellows
4627,Greens
9619,Pinks
1069,Reds
5496,Greens
9802,Yellows
6634,Purples
6627,Yellows
1364,Greens
1770,Greens
4038,Greys
6025,Pinks
4124,Purples
2007,Turquoises
2046,Browns
3590,Purples
4306,Pinks
1661,Yellows
3867,Turquoises
2257,Blues
117,Blues
5096,Greens
53,Browns
5396,Browns
9429,Purples
4806,Purples
7073,Blues
3834,Browns
7424,Greens
1497,Greys
8716,Turquoises
6362,Purples
8291,Blues
1544,Blues
6284,Purples
4176,Pinks
9697,Browns
9224,Greens
371,Greens
6895,Reds
8338,Browns
6031,Pinks
2764,Pinks
9455,Purples
1152,Browns
3167,Purples
4106,Browns
7854,Oranges
7162,Purples
7141,Purples
6497,Browns
8182,Browns
1914,Greens
8620,Purples
3156,Browns
9232,Greens
6995,Purples
4512,Oranges
3665,Purples
7150,Browns
4686,Greens
8,Greens
9631,Greens
1342,Purples
1972,Oranges
7349,Turquoises
2653,Oranges
9139,Purples
8245,Pinks
7741,Pinks
9432,Reds
3194,Oranges
1088,Blues
2004,Greens
9815,Greys
5771,Browns
687,Yellows
2493,Pinks
6457,Browns
8536,Pinks
2419,Browns
8405,Pinks
2851,Greens
9065,Greens
2048,Reds
1461,Purples
9497,Pinks
6812,Purples
9912,Whites
9143,Purples
7453,Browns
6182,Greys
5882,Purples
3155,Oranges
9712,Purples
1831,Reds
8303,Purples
845,Browns
7067,Purples
1048,Turquoises
5172,Blues
9622,Purples
2541,Browns
4001,Purples
9274,Yellows
1158,Greens
653,Purples
2542,Pinks
4645,Blues
2240,Browns
363,Purples
2149,Greens
1903,Pinks
4494,Browns
1028,Reds
4857,Blues
8757,Blues
3184,Pinks
3309,Browns
5595,Oranges
7683,Blues
1541,Purples
5455,Pinks
7415,Browns
2608,Purples
9036,Greys
6919,Blues
554,Purples
3882,Pinks
364,Browns
4971,Browns
93,Browns
8799,Blues
3154,Browns
7739,Yellows
5038,Greens
2080,Oranges
7179,Yellows
4257,Blues
9707,Yellows
8081,Yellows
8225,Purples
13,Pinks
4080,Whites
7628,Browns
3615,Yellows
5255,Greys
5208,Purples
2864,Purples
8702,Greys
3043,Greens
7445,Purples
8725,Purples
4850,Oranges
628,Whites
3384,Yellows
5530,Greens
5195,Purples
3707,Turquoises
1748,Purples
7848,Purples
676,Pinks
6052,Reds
5307,Whites
681,Browns
8196,Greens
2164,Browns
1322,Purples
3747,Reds
7172,Greens
8926,Purples
408,Browns
4,Browns
2866,Greys
9472,Browns
3769,Purples
1005,Turquoises
3244,Blues
626,Browns
2893,Oranges
9611,Purples
7932,Browns
724,Browns
502,Whites
1718,Purples
9170,Yellows
1910,Greys
6560,Yellows
3278,Oranges
9652,Blues
6590,Greys
7732,Blues
6746,Purples
7484,Purples
4614,Whites
9027,Pinks
2384,Greys
9676,Browns
7363,Greys
6957,Purples
9120,Purples
6033,Turquoises
4115,Purples
440,Turquoises
7353,Greys
5881,Pinks
7667,Purples
5485,Whites
8395,Purples
5826,Turquoises
7555,Browns
5036,Purples
463,Purples
8863,Blues
6722,Reds
5537,Oranges
1567,Greens
390,Oranges
4145,Pinks
198,Browns
8235,Reds
4641,Purples
5041,Greens
2211,Purples
4326,Purples
7801,Greens
1607,Purples
3240,Pinks
4669,Greens
9254,Purples
4432,Purples
1505,Greys
7843,Reds
8374,Browns
9317,Purples
2990,Turquoises
7481,Turquoises
4719,Purples
9468,Turquoises
1577,Purples
3716,Browns
9739,Pinks
227,Oranges
5639,Oranges
1815,Purples
2870,Yellows
2366,Reds
6435,Blues
4698,Browns
863,Pinks
3775,Purples
3895,Purples
2063,Greens
2701,Purples
2689,Pinks
7610,Yellows
4401,Greens
5674,Purples
5724,Greys
2342,Greens
6568,Turquoises
9392,Blues
8071,Browns
3454,Browns
5625,Pinks
7200,Purples
4324,Purples
8812,Purples
6214,Browns
8899,Turquoises
7749,Browns
6048,Browns
7082,Greys
5204,Browns
7828,Browns
5344,Yellows
7753,Purples
9642,Yellows
660,Pinks
711,Purples
5449,Purples
7844,Greens
1445,Purples
4584,Greys
1649,Purples
8101,Browns
6233,Yellows
51,Purples
3003,Browns
6395,Purples
7546,Browns
9863,Purples
886,Purples
4600,Purples
7852,Greens
1016,Pinks
5328,Browns
1161,Greys
8517,Browns
9958,Purples
9806,Browns
6535,Blues
3532,Greens
4726,Purples
2661,Turquoises
4913,Purples
2273,Purples
189,Browns
2646,Reds
4796,Purples
8878,Browns
1564,Greens
1842,Purples
9996,Blues
3441,Greens
7110,Oranges
6841,Blues
3598,Greys
449,Turquoises
2690,Purples
4219,Purples
1196,Browns
2529,Purples
9482,Purples
6476,Blues
5797,Purples
7947,Browns
3874,Yellows
2074,Blues
452,Purples
6441,Greys
5387,Browns
9831,Blues
6169,Whites
6633,Reds
7635,Turquoises
2144,Purples
7456,Purples
8000,Purples
8231,Yellows
9670,Blues
4024,Pinks
2114,Purples
5378,Purples
6659,Browns
5227,Reds
3941,Greys
8261,Greens
6929,Purples
4855,Browns
7296,Purples
8466,Purples
1184,Whites
6259,Turquoises
9163,Reds
4652,Purples
5257,Browns
5934,Browns
2318,Browns
598,Blues
7397,Greens
3579,Pinks
1561,Purples
9461,Purples
6176,Browns
1133,Greens
2617,Browns
2789,Blues
3609,Purples
4263,Greens
6743,Greys
3166,Greys
1796,Pinks
242,Yellows
8399,Oranges
9592,Purples
1103,Turquoises
6857,Whites
8588,Yellows
5607,Browns
5286,Browns
2807,Oranges
2927,Greys
6969,Whites
4149,Browns
9471,Reds
8054,Blues
1434,Reds
1224,Greens
5035,Blues
6373,Purples
9431,Purples
4330,Browns
9501,Blues
7640,Purples
467,Blues
8732,Reds
1768,Oranges
9477,Pinks
9332,Browns
1189,Oranges
623,Oranges
8765,Turquoises
5621,Greens
6345,Greys
7512,Pinks
8129,Browns
1556,Browns
6348,Blues
9181,Purples
568,Reds
9833,Whites
8351,Blues
4143,Reds
4390,Greys
639,Greens
7377,Greens
1231,Oranges
6639,Blues
8170,Whites
1486,Greys
6620,Reds
5893,Blues
2882,Whites
7672,Greens
940,Pinks
4810,Blues
8767,Purples
8001,Browns
7101,Reds
6474,Purples
7160,Purples
8264,Purples
6398,Oranges
6123,Yellows
9408,Greens
1558,Browns
176,Reds
2352,Oranges
4386,Purples
2341,Pinks
9893,Browns
7068,Browns
2840,Yellows
824,Reds
3510,Purples
6869,Whites
7254,Purples
1959,Greens
3830,Turquoises
9866,Greys
7515,Purples
5632,Purples
6045,Browns
2723,Purples
4729,Turquoises
2669,Browns
922,Reds
8473,Purples
3272,Reds
3387,Blues
8693,Oranges
8327,Purples
3304,Whites
1360,Greys
4279,Greens
2768,Turquoises
8584,Purples
579,Purples
9282,Greys
1438,Purples
3105,Browns
6063,Browns
9994,Yellows
379,Browns
5602,Yellows
2523,Browns
8821,Pinks
6889,Yellows
1594,Purples
9791,Browns
4216,Browns
6183,Purples
4744,Greys
47,Oranges
9125,Greens
4602,Browns
9411,Purples
2111,Purples
8164,Greys
3047,Purples
9498,Pinks
6536,Greens
9470,Pinks
3897,Pinks
7031,Reds
2297,Purples
1764,Yellows
696,Purples
125,Purples
8151,Reds
9458,Greens
8743,Blues
2761,Pinks
4808,Purples
4505,Pinks
2353,Purples
5166,Purples
4896,Oranges
7274,Blues
130,Greens
9215,Purples
5268,Pinks
7956,Browns
5438,Purples
7713,Blues
9267,Blues
798,Pinks
9751,Reds
8276,Whites
9717,Browns
2286,Oranges
6445,Blues
4920,Yellows
2412,Browns
5047,Greens
7036,Purples
3500,Pinks
9910,Browns
4485,Purples
4113,Yellows
1828,Browns
5895,Blues
5039,Browns
7334,Pinks
4860,Purples
4025,Browns
1185,Purples
8022,Yellows
5023,Purples
7550,Browns
2335,Blues
155,Pinks
4420,Browns
5668,Yellows
9005,Purples
2611,Purples
7885,Pinks
1852,Purples
2670,Yellows
9920,Greys
1517,Yellows
29,Blues
9730,Oranges
19,Greens
805,Oranges
2773,Purples
6527,Purples
1323,Purples
4902,Yellows
7142,Browns
9966,Browns
4822,Greens
2530,Purples
6833,Purples
6650,Blues
2850,Purples
3570,Greens
428,Greys
2781,Purples
6571,Pinks
6498,Browns
9911,Blues
3669,Greys
695,Pinks
8105,Purples
758,Purples
9322,Blues
1035,Browns
6042,Browns
4562,Purples
636,Purples
4780,Purples
9521,Pinks
4589,Greens
3614,Purples
848,Browns
1920,Pinks
1572,Purples
5265,Purples
1658,Blues
1436,Pinks
2463,Browns
8408,Pinks
4757,Browns
5107,Whites
2368,Purples
4286,Pinks
1941,Yellows
3809,Oranges
7658,Reds
3855,Browns
2238,Oranges
6072,Purples
3238,Browns
1321,Greens
7236,Purples
2824,Purples
5228,Browns
2869,Purples
1368,Purples
2197,Whites
9573,Browns
9764,Reds
6709,Greys
8509,Greys
1294,Greens
6913,Greys
5577,Yellows
8355,Oranges
546,Greys
5272,Blues
453,Purples
4305,Purples
139,Turquoises
8263,Purples
1534,Greys
6187,Purples
8915,Purples
8825,Greens
465,Blues
2087,Browns
8447,Purples
5236,Browns
3439,Purples
7198,Browns
1992,Greys
3066,Greys
2536,Browns
9090,Browns
5754,Whites
4675,Blues
686,Browns
1251,Pinks
195,Browns
2667,Pinks
4862,Purples
6219,Browns
6916,Pinks
9353,Purples
35,Browns
6740,Whites
3152,Purples
3876,Yellows
2604,Greys
4784,Blues
9754,Browns
6877,Purples
4154,Greys
4507,Greys
3578,Greys
9565,Purples
8419,Greens
273,Blues
8487,Pinks
9346,Blues
9603,Oranges
9704,Purples
4164,Whites
7558,Pinks
1102,Turquoises
5874,Browns
8665,Whites
2532,Purples
2088,Yellows
3490,Purples
8042,Blues
4504,Greens
9104,Pinks
6203,Pinks
9829,Greens
1328,Greys
9331,Purples
8982,Greys
972,Greys
6467,Greens
6928,Blues
1197,Browns
3065,Whites
4891,Browns
9117,Purples
6273,Browns
6043,Browns
2538,Browns
106,Browns
4704,Browns
2656,Purples
8202,Browns
2391,Oranges
9624,Greens
3542,Greens
7653,Blues
5133,Purples
2876,Browns
8804,Blues
9129,Pinks
8415,Yellows
780,Purples
1463,Turquoises
5431,Pinks
9329,Browns
4519,Purples
518,Browns
3545,Browns
8554,Purples
879,Greens
6830,Blues
8104,Greys
2610,Browns
6583,Purples
4289,Purples
7900,Greens
7264,Pinks
7506,Greys
2914,Browns
1108,Greys
6595,Blues
8357,Blues
4128,Oranges
4051,Oranges
2483,Purples
33,Greys
9138,Browns
3241,Browns
3420,Browns
7437,Purples
5461,Greys
4733,Greens
1936,Purples
5892,Yellows
2343,Purples
8414,Greens
9334,Purples
5638,Blues
54,Greys
5845,Greys
7324,Purples
8233,Greens
397,Greys
9959,Purples
988,Purples
7607,Greens
4898,Purples
9075,Purples
5497,Purples
6166,Purples
5759,Blues
2230,Purples
2974,Browns
4215,Oranges
271,Yellows
4107,Browns
5567,Purples
4656,Browns
7576,Blues
4265,Greens
4439,Pinks
59,Yellows
6360,Yellows
7441,Blues
4760,Turquoises
6940,Greens
9495,Purples
574,Greys
6706,Purples
9385,Browns
7344,Purples
4413,Browns
8045,Purples
5694,Blues
1210,Browns
4255,Yellows
2490,Greys
2137,Purples
8610,Pinks
4040,Purples
6742,Yellows
8479,Purples
4998,Greys
978,Greens
4827,Purples
4252,Purples
526,Purples
7957,Whites
8989,Browns
1348,Browns
9813,Purples
4694,Purples
3571,Blues
8867,Browns
138,Yellows
3220,Purples
9723,Purples
4296,Browns
3846,Greys
3356,Browns
254,Whites
7789,Pinks
2390,Blues
1578,Purples
5291,Purples
6787,Purples
1523,Greys
9918,Blues
7121,Yellows
429,Greys
9643,Browns
2998,Oranges
8092,Greys
6811,Greys
9543,Browns
982,Greys
9367,Greys
5190,Purples
9128,Browns
5745,Browns
52,Purples
8811,Blues
8841,Purples
44,Reds
8513,Greens
6772,Greens
6855,Browns
934,Browns
7711,Blues
4469,Purples
9602,Purples
9775,Greys
6093,Blues
3528,Pinks
7948,Pinks
1922,Purples
3936,Greens
842,Purples
3407,Oranges
7688,Greens
4064,Greens
8974,Greens
989,Greens
7970,Browns
2266,Greens
4022,Pinks
3452,Turquoises
7312,Reds
9184,Yellows
2634,Browns
4177,Blues
4587,Yellows
7589,Oranges
1836,Purples
6015,Pinks
9055,Purples
5306,Purples
3753,Oranges
1414,Blues
3785,Browns
1124,Purples
6158,Purples
9288,Purples
3499,Purples
3225,Blues
5821,Purples
6202,Whites
8277,Browns
3074,Greys
407,Purples
8838,Yellows
5253,Purples
6226,Blues
3671,Blues
9453,Browns
9207,Blues
960,Greens
3188,Purples
9635,Greens
5899,Pinks
2172,Pinks
7516,Purples
5558,Purples
2233,Purples
3720,Greens
5261,Purples
5615,Browns
6175,Oranges
6941,Greys
3642,Whites
7785,Browns
1803,Blues
6487,Blues
1492,Purples
4697,Browns
1926,Greens
8477,Browns
3712,Purples
7241,Purples
351,Browns
6291,Greens
6666,Browns
5989,Yellows
5994,Browns
1806,Browns
1758,Purples
9200,Browns
2203,Greens
2576,Pinks
9844,Greys
4221,Blues
9965,Yellows
2724,Greys
5618,Reds
2171,Purples
3342,Greens
2904,Blues
4955,Purples
6858,Greys
3660,Yellows
9990,Browns
4090,Purples
5358,Browns
1053,Greens
2644,Reds
1401,Pinks
5132,Greens
4513,Pinks
287,Purples
9166,Whites
9403,Pinks
4396,Yellows
5861,Yellows
1521,Oranges
266,Whites
2631,Greens
2758,Browns
6509,Pinks
8132,Pinks
6376,Pinks
5527,Browns
151,Pinks
4723,Purples
8205,Pinks
7175,Turquoises
8381,Greens
7775,Blues
1891,Purples
7109,Pinks
9105,Greens
9272,Reds
2622,Whites
6034,Browns
8259,Browns
2325,Greens
5097,Blues
1300,Browns
8094,Reds
2571,Yellows
9686,Purples
5435,Browns
730,Browns
3605,Turquoises
8675,Oranges
9552,Pinks
3135,Turquoises
461,Greys
8598,Purples
8471,Purples
7952,Greys
9637,Greens
5743,Yellows
1935,Browns
2421,Pinks
7992,Browns
6349,Browns
9534,Blues
1630,Purples
4259,Purples
4421,Purples
4823,Yellows
4679,Greens
8998,Purples
3915,Purples
5707,Purples
9570,Pinks
4116,Purples
2491,Turquoises
9518,Browns
8306,Purples
3602,Yellows
2056,Pinks
6979,Pinks
1480,Greens
8446,Oranges
3952,Oranges
5040,Turquoises
7475,Browns
4453,Purples
5584,Browns
1267,Purples
9155,Purples
1018,Reds
2027,Purples
1830,Greens
6299,Yellows
8643,Purples
5380,Greys
7880,Reds
5772,Browns
4994,Purples
1664,Blues
1407,Blues
7126,Purples
1504,Browns
3672,Purples
814,Purples
9873,Greys
337,Blues
262,Blues
3497,Greys
3905,Browns
7078,Whites
1301,Pinks
2252,Browns
9667,Pinks
1955,Browns
9661,Purples
9133,Greens
6262,Yellows
169,Reds
8904,Yellows
8082,Purples
2288,Browns
2018,Browns
7127,Purples
